"r_function","r_file","original_pascal_file","pascal_routine","harness_file","harness_routine","algorithms_section","unit_tests","oracle_targets"
"ari_empty_table","gRm/R/ari_values.R","source/PAS_skunits/skbias15.pas","Calculate_Ari","","","ARI Item Score Curves","gRm/tests/testthat/test-ari.R","validation/BIRT/BIRT_movtiva/output/rasch/Ari_dot.csv"
"ari_expected_moments","gRm/R/ari_values.R","source/PAS_skunits/skbias15.pas","Calculate_Ari","","","ARI Item Score Curves","gRm/tests/testthat/test-ari.R","validation/BIRT/BIRT_movtiva/output/rasch/Ari_dot.csv"
"ari_global_item_max","gRm/R/ari_values.R","source/PAS_skunits/skbias15.pas","Calculate_Ari","","","ARI Item Score Curves","gRm/tests/testthat/test-ari.R","validation/BIRT/BIRT_movtiva/output/rasch/Ari_dot.csv"
"ari_observed_tables","gRm/R/ari_values.R","source/PAS_skunits/skbias15.pas","Calculate_Ari","","","ARI Item Score Curves","gRm/tests/testthat/test-ari.R","validation/BIRT/BIRT_movtiva/output/rasch/Ari_dot.csv"
"ari_row_table","gRm/R/ari_values.R","source/PAS_skunits/skbias15.pas","Calculate_Ari","","","ARI Item Score Curves","gRm/tests/testthat/test-ari.R","validation/BIRT/BIRT_movtiva/output/rasch/Ari_dot.csv"
"ari_table_columns","gRm/R/ari_values.R","source/PAS_skunits/skbias15.pas","Calculate_Ari","","","ARI Item Score Curves","gRm/tests/testthat/test-ari.R","validation/BIRT/BIRT_movtiva/output/rasch/Ari_dot.csv"
"ari_values","gRm/R/ari_values.R","source/PAS_skunits/skbias15.pas","Calculate_Ari","","","ARI Item Score Curves","gRm/tests/testthat/test-ari.R","validation/BIRT/BIRT_movtiva/output/rasch/Ari_dot.csv"
"gRm_gllrm_convergence_state","gRm/R/convergence_state.R","source/PAS_skunits/skbias12b.pas","Estimate_GLLRM","pascal_harness/GLLRM_STOP_STATE.pas","RunTrajectory","GLLRM Estimation","gRm/tests/testthat/test-convergence-contract.R","pascal_harness/GLLRM_STOP_STATE.pas"
"gRm_rasch_convergence_state","gRm/R/convergence_state.R","source/PAS_skunits/skbias12b.pas","Estimate_GLLRM","pascal_harness/GLLRM_STOP_STATE.pas","RunTrajectory","GLLRM Estimation","gRm/tests/testthat/test-convergence-contract.R","pascal_harness/GLLRM_STOP_STATE.pas"
"new_gRm_convergence_state","gRm/R/convergence_state.R","source/PAS_skunits/skbias12b.pas","Estimate_GLLRM","pascal_harness/GLLRM_STOP_STATE.pas","RunTrajectory","GLLRM Estimation","gRm/tests/testthat/test-convergence-contract.R","pascal_harness/GLLRM_STOP_STATE.pas"
"base_rasch_loglike","gRm/R/dif_tests_values.R","source/PAS_scd/DGRirtD.pas","MissingDIF","","","DIF Tests Report","gRm/tests/testthat/test-gllrm-candidate-fit.R","validation/BIRT/BIRT_movtiva/output/rasch/check-DIF-extended.txt"
"build_dif_gamma_context","gRm/R/dif_tests_values.R","source/PAS_scd/DGRirtD.pas","MissingDIF","","","DIF Tests Report","gRm/tests/testthat/test-gllrm-candidate-fit.R","validation/BIRT/BIRT_movtiva/output/rasch/check-DIF-extended.txt"
"convolve_score_vectors","gRm/R/dif_tests_values.R","source/PAS_scd/DGRirtD.pas","MissingDIF","","","DIF Tests Report","gRm/tests/testthat/test-gllrm-candidate-fit.R","validation/BIRT/BIRT_movtiva/output/rasch/check-DIF-extended.txt"
"dif_tests_partial_gamma","gRm/R/dif_tests_values.R","source/PAS_scd/DGRirtD.pas","MissingDIF","","","DIF Tests Report","gRm/tests/testthat/test-gllrm-candidate-fit.R","validation/BIRT/BIRT_movtiva/output/rasch/check-DIF-extended.txt"
"dif_tests_partial_gamma_stats","gRm/R/dif_tests_values.R","source/PAS_scd/DGRirtD.pas","MissingDIF","","","DIF Tests Report","gRm/tests/testthat/test-gllrm-candidate-fit.R","validation/BIRT/BIRT_movtiva/output/rasch/check-DIF-extended.txt"
"dif_tests_source_gamma_counts","gRm/R/dif_tests_values.R","source/PAS_scd/DGRirtD.pas","MissingDIF","","","DIF Tests Report","gRm/tests/testthat/test-gllrm-candidate-fit.R","validation/BIRT/BIRT_movtiva/output/rasch/check-DIF-extended.txt"
"dif_tests_values","gRm/R/dif_tests_values.R","source/PAS_scd/DGRirtD.pas","MissingDIF","","","DIF Tests Report","gRm/tests/testthat/test-gllrm-candidate-fit.R","validation/BIRT/BIRT_movtiva/output/rasch/check-DIF-extended.txt"
"gllrm_context_dif_index","gRm/R/dif_tests_values.R","source/PAS_scd/DGRirtD.pas","MissingDIF","","","DIF Tests Report","gRm/tests/testthat/test-gllrm-candidate-fit.R","validation/BIRT/BIRT_movtiva/output/rasch/check-DIF-extended.txt"
"gllrm_dif_key","gRm/R/dif_tests_values.R","source/PAS_scd/DGRirtD.pas","MissingDIF","","","DIF Tests Report","gRm/tests/testthat/test-gllrm-candidate-fit.R","validation/BIRT/BIRT_movtiva/output/rasch/check-DIF-extended.txt"
"gllrm_dif_lookup","gRm/R/dif_tests_values.R","source/PAS_scd/DGRirtD.pas","MissingDIF","","","DIF Tests Report","gRm/tests/testthat/test-gllrm-candidate-fit.R","validation/BIRT/BIRT_movtiva/output/rasch/check-DIF-extended.txt"
"gllrm_dif_pair_test","gRm/R/dif_tests_values.R","source/PAS_scd/DGRirtD.pas","MissingDIF","","","DIF Tests Report","gRm/tests/testthat/test-gllrm-candidate-fit.R","validation/BIRT/BIRT_movtiva/output/rasch/check-DIF-extended.txt"
"gllrm_dif_tests","gRm/R/dif_tests_values.R","source/PAS_scd/DGRirtD.pas","MissingDIF","","","DIF Tests Report","gRm/tests/testthat/test-gllrm-candidate-fit.R","validation/BIRT/BIRT_movtiva/output/rasch/check-DIF-extended.txt"
"gllrm_dif_tests_values","gRm/R/dif_tests_values.R","source/PAS_scd/DGRirtD.pas","MissingDIF","","","DIF Tests Report","gRm/tests/testthat/test-gllrm-candidate-fit.R","validation/BIRT/BIRT_movtiva/output/rasch/check-DIF-extended.txt"
"gllrm_no_dif_candidates","gRm/R/dif_tests_values.R","source/PAS_scd/DGRirtD.pas","MissingDIF","","","DIF Tests Report","gRm/tests/testthat/test-gllrm-candidate-fit.R","validation/BIRT/BIRT_movtiva/output/rasch/check-DIF-extended.txt"
"source_ix_observed_df","gRm/R/dif_tests_values.R","source/PAS_scd/DGRirtD.pas","MissingDIF","","","DIF Tests Report","gRm/tests/testthat/test-gllrm-candidate-fit.R","validation/BIRT/BIRT_movtiva/output/rasch/check-DIF-extended.txt"
"exact_integer_scalar","gRm/R/exact_command_state.R","source/PAS_skunits/SKrandom.pas","GENTAB1","pascal_harness/SCREEN_EXACT_TRAJECTORY.pas","RunTrajectory","SCREEN J Item Screening","gRm/tests/testthat/test-exact-command-state.R","validation/BIRT/BIRT_movtiva/output/screen-rep.txt"
"gRm_exact_command_state","gRm/R/exact_command_state.R","source/PAS_skunits/SKrandom.pas","GENTAB1","pascal_harness/SCREEN_EXACT_TRAJECTORY.pas","RunTrajectory","SCREEN J Item Screening","gRm/tests/testthat/test-exact-command-state.R","validation/BIRT/BIRT_movtiva/output/screen-rep.txt"
"gRm_exact_command_state_public","gRm/R/exact_command_state.R","source/PAS_skunits/SKrandom.pas","GENTAB1","pascal_harness/SCREEN_EXACT_TRAJECTORY.pas","RunTrajectory","SCREEN J Item Screening","gRm/tests/testthat/test-exact-command-state.R","validation/BIRT/BIRT_movtiva/output/screen-rep.txt"
"gRm_exact_state_from_flags","gRm/R/exact_command_state.R","source/PAS_skunits/SKrandom.pas","GENTAB1","pascal_harness/SCREEN_EXACT_TRAJECTORY.pas","RunTrajectory","SCREEN J Item Screening","gRm/tests/testthat/test-exact-command-state.R","validation/BIRT/BIRT_movtiva/output/screen-rep.txt"
"source_seq_alpha","gRm/R/exact_command_state.R","source/PAS_skunits/SKrandom.pas","GENTAB1","pascal_harness/SCREEN_EXACT_TRAJECTORY.pas","RunTrajectory","SCREEN J Item Screening","gRm/tests/testthat/test-exact-command-state.R","validation/BIRT/BIRT_movtiva/output/screen-rep.txt"
"source_seq_boundary","gRm/R/exact_command_state.R","source/PAS_skunits/SKrandom.pas","GENTAB1","pascal_harness/SCREEN_EXACT_TRAJECTORY.pas","RunTrajectory","SCREEN J Item Screening","gRm/tests/testthat/test-exact-command-state.R","validation/BIRT/BIRT_movtiva/output/screen-rep.txt"
"source_seq_p0","gRm/R/exact_command_state.R","source/PAS_skunits/SKrandom.pas","GENTAB1","pascal_harness/SCREEN_EXACT_TRAJECTORY.pas","RunTrajectory","SCREEN J Item Screening","gRm/tests/testthat/test-exact-command-state.R","validation/BIRT/BIRT_movtiva/output/screen-rep.txt"
"exo_select_bh_thresholds","gRm/R/exo_select_values.R","source/PAS_skunits/SKbias13.pas","StepwiseScoreScreening","","","Exo-Select Report","gRm/tests/testthat/test-score-effects-score-distribution.R","validation/BIRT/BIRT_movtiva/output/exo.txt"
"exo_select_exact_test","gRm/R/exo_select_values.R","source/PAS_skunits/SKbias13.pas","StepwiseScoreScreening","","","Exo-Select Report","gRm/tests/testthat/test-score-effects-score-distribution.R","validation/BIRT/BIRT_movtiva/output/exo.txt"
"exo_select_gamma_test","gRm/R/exo_select_values.R","source/PAS_skunits/SKbias13.pas","StepwiseScoreScreening","","","Exo-Select Report","gRm/tests/testthat/test-score-effects-score-distribution.R","validation/BIRT/BIRT_movtiva/output/exo.txt"
"exo_select_gentab1","gRm/R/exo_select_values.R","source/PAS_skunits/SKbias13.pas","StepwiseScoreScreening","","","Exo-Select Report","gRm/tests/testthat/test-score-effects-score-distribution.R","validation/BIRT/BIRT_movtiva/output/exo.txt"
"exo_select_gentab1_prepared","gRm/R/exo_select_values.R","source/PAS_skunits/SKbias13.pas","StepwiseScoreScreening","","","Exo-Select Report","gRm/tests/testthat/test-score-effects-score-distribution.R","validation/BIRT/BIRT_movtiva/output/exo.txt"
"exo_select_marker","gRm/R/exo_select_values.R","source/PAS_skunits/SKbias13.pas","StepwiseScoreScreening","","","Exo-Select Report","gRm/tests/testthat/test-score-effects-score-distribution.R","validation/BIRT/BIRT_movtiva/output/exo.txt"
"exo_select_missing_diagnostics","gRm/R/exo_select_values.R","source/PAS_skunits/SKbias13.pas","StepwiseScoreScreening","","","Exo-Select Report","gRm/tests/testthat/test-score-effects-score-distribution.R","validation/BIRT/BIRT_movtiva/output/exo.txt"
"exo_select_prepare_gentab1","gRm/R/exo_select_values.R","source/PAS_skunits/SKbias13.pas","StepwiseScoreScreening","","","Exo-Select Report","gRm/tests/testthat/test-score-effects-score-distribution.R","validation/BIRT/BIRT_movtiva/output/exo.txt"
"exo_select_repeated_count_cutoff","gRm/R/exo_select_values.R","source/PAS_skunits/SKbias13.pas","StepwiseScoreScreening","","","Exo-Select Report","gRm/tests/testthat/test-score-effects-score-distribution.R","validation/BIRT/BIRT_movtiva/output/exo.txt"
"exo_select_score_distribution","gRm/R/exo_select_values.R","source/PAS_skunits/SKbias13.pas","StepwiseScoreScreening","","","Exo-Select Report","gRm/tests/testthat/test-score-effects-score-distribution.R","validation/BIRT/BIRT_movtiva/output/exo.txt"
"exo_select_score_screen","gRm/R/exo_select_values.R","source/PAS_skunits/SKbias13.pas","StepwiseScoreScreening","","","Exo-Select Report","gRm/tests/testthat/test-score-effects-score-distribution.R","validation/BIRT/BIRT_movtiva/output/exo.txt"
"exo_select_stepwise_score_screening","gRm/R/exo_select_values.R","source/PAS_skunits/SKbias13.pas","StepwiseScoreScreening","","","Exo-Select Report","gRm/tests/testthat/test-score-effects-score-distribution.R","validation/BIRT/BIRT_movtiva/output/exo.txt"
"exo_select_values","gRm/R/exo_select_values.R","source/PAS_skunits/SKbias13.pas","StepwiseScoreScreening","","","Exo-Select Report","gRm/tests/testthat/test-score-effects-score-distribution.R","validation/BIRT/BIRT_movtiva/output/exo.txt"
"gRm_source_score_cap","gRm/R/exo_select_values.R","source/PAS_skunits/SKbias13.pas","StepwiseScoreScreening","","","Exo-Select Report","gRm/tests/testthat/test-score-effects-score-distribution.R","validation/BIRT/BIRT_movtiva/output/exo.txt"
"source_conflimit99","gRm/R/exo_select_values.R","source/PAS_skunits/SKbias13.pas","StepwiseScoreScreening","","","Exo-Select Report","gRm/tests/testthat/test-score-effects-score-distribution.R","validation/BIRT/BIRT_movtiva/output/exo.txt"
"assert_public_estimable_fit_bundle","gRm/R/fit_estimability.R","source/PAS_skunits/skbias12b.pas","Estimate_GLLRM","","","Public Fit Estimability Boundary","gRm/tests/testthat/test-non-estimable-fit.R","validation/BIRT/BIRT_movtiva/output/rasch/item-parameters.txt"
"assert_public_fit_values","gRm/R/fit_estimability.R","source/PAS_skunits/skbias12b.pas","Estimate_GLLRM","","","Public Fit Estimability Boundary","gRm/tests/testthat/test-non-estimable-fit.R","validation/BIRT/BIRT_movtiva/output/rasch/item-parameters.txt"
"source_public_fit_free_cells","gRm/R/fit_estimability.R","source/PAS_skunits/skbias12b.pas","Estimate_GLLRM","","","Public Fit Estimability Boundary","gRm/tests/testthat/test-non-estimable-fit.R","validation/BIRT/BIRT_movtiva/output/rasch/item-parameters.txt"
"source_public_fit_item_support","gRm/R/fit_estimability.R","source/PAS_skunits/skbias12b.pas","Estimate_GLLRM","","","Public Fit Estimability Boundary","gRm/tests/testthat/test-non-estimable-fit.R","validation/BIRT/BIRT_movtiva/output/rasch/item-parameters.txt"
"source_public_fit_support","gRm/R/fit_estimability.R","source/PAS_skunits/skbias12b.pas","Estimate_GLLRM","","","Public Fit Estimability Boundary","gRm/tests/testthat/test-non-estimable-fit.R","validation/BIRT/BIRT_movtiva/output/rasch/item-parameters.txt"
"gamma_values","gRm/R/gamma_values.R","source/PAS_scd/SkStat.pas","RCGAMMA","","","Marginal Gamma Report","gRm/tests/testthat/test-source-gamma-stats.R","validation/BIRT/BIRT_movtiva/output/items.txt"
"gRm_goodman_kruskal_gamma","gRm/R/gamma_values.R","source/PAS_scd/SkStat.pas","RCGAMMA","","","Marginal Gamma Report","gRm/tests/testthat/test-source-gamma-stats.R","validation/BIRT/BIRT_movtiva/output/items.txt"
"gRm_pairwise_gamma_table","gRm/R/gamma_values.R","source/PAS_scd/SkStat.pas","RCGAMMA","","","Marginal Gamma Report","gRm/tests/testthat/test-source-gamma-stats.R","validation/BIRT/BIRT_movtiva/output/items.txt"
"fit_gllrm_candidate_bundle","gRm/R/gllrm_candidate_fit.R","source/PAS_skunits/skbias12b.pas","Estimate_GLLRM","","","GLLRM Estimation","gRm/tests/testthat/test-gllrm-candidate-fit.R","pascal_harness/fixtures/GLLRM_CANDIDATE_PARITY/FRESH_LD/GLLRMdata.txt"
"fit_gllrm_candidate_core","gRm/R/gllrm_candidate_fit.R","source/PAS_skunits/skbias12b.pas","Estimate_GLLRM","","","GLLRM Estimation","gRm/tests/testthat/test-gllrm-candidate-fit.R","pascal_harness/fixtures/GLLRM_CANDIDATE_PARITY/FRESH_LD/GLLRMdata.txt"
"fit_gllrm_candidate_dif","gRm/R/gllrm_candidate_fit.R","source/PAS_skunits/skbias12b.pas","Estimate_GLLRM","","","GLLRM Estimation","gRm/tests/testthat/test-gllrm-candidate-fit.R","pascal_harness/fixtures/GLLRM_CANDIDATE_PARITY/FRESH_LD/GLLRMdata.txt"
"fit_gllrm_candidate_ld","gRm/R/gllrm_candidate_fit.R","source/PAS_skunits/skbias12b.pas","Estimate_GLLRM","","","GLLRM Estimation","gRm/tests/testthat/test-gllrm-candidate-fit.R","pascal_harness/fixtures/GLLRM_CANDIDATE_PARITY/FRESH_LD/GLLRMdata.txt"
"gllrm_candidate_base_model","gRm/R/gllrm_candidate_fit.R","source/PAS_skunits/skbias12b.pas","Estimate_GLLRM","","","GLLRM Estimation","gRm/tests/testthat/test-gllrm-candidate-fit.R","pascal_harness/fixtures/GLLRM_CANDIDATE_PARITY/FRESH_LD/GLLRMdata.txt"
"gllrm_candidate_dif_spec","gRm/R/gllrm_candidate_fit.R","source/PAS_skunits/skbias12b.pas","Estimate_GLLRM","","","GLLRM Estimation","gRm/tests/testthat/test-gllrm-candidate-fit.R","pascal_harness/fixtures/GLLRM_CANDIDATE_PARITY/FRESH_LD/GLLRMdata.txt"
"gllrm_candidate_ld_spec","gRm/R/gllrm_candidate_fit.R","source/PAS_skunits/skbias12b.pas","Estimate_GLLRM","","","GLLRM Estimation","gRm/tests/testthat/test-gllrm-candidate-fit.R","pascal_harness/fixtures/GLLRM_CANDIDATE_PARITY/FRESH_LD/GLLRMdata.txt"
"new_gllrm_candidate_fit","gRm/R/gllrm_candidate_fit.R","source/PAS_skunits/skbias12b.pas","Estimate_GLLRM","","","GLLRM Estimation","gRm/tests/testthat/test-gllrm-candidate-fit.R","pascal_harness/fixtures/GLLRM_CANDIDATE_PARITY/FRESH_LD/GLLRMdata.txt"
"gllrm_build_component_configurations","gRm/R/gllrm_components.R","source/PAS_skunits/skbias22.pas","Gamma_calculation","","","GLLRM Estimation","gRm/tests/testthat/test-gllrm-fit.R","validation/BIRT/BIRT_movtiva/output/ux_vx_xD_CD_tN_uL_GM/item-parameters-gllrm.txt"
"gllrm_component_config_weight","gRm/R/gllrm_components.R","source/PAS_skunits/skbias22.pas","Gamma_calculation","","","GLLRM Estimation","gRm/tests/testthat/test-gllrm-fit.R","validation/BIRT/BIRT_movtiva/output/ux_vx_xD_CD_tN_uL_GM/item-parameters-gllrm.txt"
"gllrm_component_config_weight_fast","gRm/R/gllrm_components.R","source/PAS_skunits/skbias22.pas","Gamma_calculation","","","GLLRM Estimation","gRm/tests/testthat/test-gllrm-fit.R","validation/BIRT/BIRT_movtiva/output/ux_vx_xD_CD_tN_uL_GM/item-parameters-gllrm.txt"
"gllrm_component_config_weights_fast","gRm/R/gllrm_components.R","source/PAS_skunits/skbias22.pas","Gamma_calculation","","","GLLRM Estimation","gRm/tests/testthat/test-gllrm-fit.R","validation/BIRT/BIRT_movtiva/output/ux_vx_xD_CD_tN_uL_GM/item-parameters-gllrm.txt"
"gllrm_component_configurations","gRm/R/gllrm_components.R","source/PAS_skunits/skbias22.pas","Gamma_calculation","","","GLLRM Estimation","gRm/tests/testthat/test-gllrm-fit.R","validation/BIRT/BIRT_movtiva/output/ux_vx_xD_CD_tN_uL_GM/item-parameters-gllrm.txt"
"gllrm_component_gamma","gRm/R/gllrm_components.R","source/PAS_skunits/skbias22.pas","Gamma_calculation","","","GLLRM Estimation","gRm/tests/testthat/test-gllrm-fit.R","validation/BIRT/BIRT_movtiva/output/ux_vx_xD_CD_tN_uL_GM/item-parameters-gllrm.txt"
"gllrm_component_key","gRm/R/gllrm_components.R","source/PAS_skunits/skbias22.pas","Gamma_calculation","","","GLLRM Estimation","gRm/tests/testthat/test-gllrm-fit.R","validation/BIRT/BIRT_movtiva/output/ux_vx_xD_CD_tN_uL_GM/item-parameters-gllrm.txt"
"gllrm_dif_by_item","gRm/R/gllrm_components.R","source/PAS_skunits/skbias22.pas","Gamma_calculation","","","GLLRM Estimation","gRm/tests/testthat/test-gllrm-fit.R","validation/BIRT/BIRT_movtiva/output/ux_vx_xD_CD_tN_uL_GM/item-parameters-gllrm.txt"
"gllrm_dif_map","gRm/R/gllrm_components.R","source/PAS_skunits/skbias22.pas","Gamma_calculation","","","GLLRM Estimation","gRm/tests/testthat/test-gllrm-fit.R","validation/BIRT/BIRT_movtiva/output/ux_vx_xD_CD_tN_uL_GM/item-parameters-gllrm.txt"
"gllrm_ld_components","gRm/R/gllrm_components.R","source/PAS_skunits/skbias22.pas","Gamma_calculation","","","GLLRM Estimation","gRm/tests/testthat/test-gllrm-fit.R","validation/BIRT/BIRT_movtiva/output/ux_vx_xD_CD_tN_uL_GM/item-parameters-gllrm.txt"
"gllrm_normalize_component_gamma","gRm/R/gllrm_components.R","source/PAS_skunits/skbias22.pas","Gamma_calculation","","","GLLRM Estimation","gRm/tests/testthat/test-gllrm-fit.R","validation/BIRT/BIRT_movtiva/output/ux_vx_xD_CD_tN_uL_GM/item-parameters-gllrm.txt"
"initial_gllrm_item_gamma","gRm/R/gllrm_components.R","source/PAS_skunits/skbias22.pas","Gamma_calculation","","","GLLRM Estimation","gRm/tests/testthat/test-gllrm-fit.R","validation/BIRT/BIRT_movtiva/output/ux_vx_xD_CD_tN_uL_GM/item-parameters-gllrm.txt"
"initialize_gllrm_state","gRm/R/gllrm_components.R","source/PAS_skunits/skbias22.pas","Gamma_calculation","","","GLLRM Estimation","gRm/tests/testthat/test-gllrm-fit.R","validation/BIRT/BIRT_movtiva/output/ux_vx_xD_CD_tN_uL_GM/item-parameters-gllrm.txt"
"build_gllrm_context","gRm/R/gllrm_context.R","source/PAS_skunits/skbias12b.pas","Initialize_GLLRMinfo","","","GLLRM Estimation","gRm/tests/testthat/test-gllrm-context.R","validation/BIRT/BIRT_movtiva/output/ux_vx_xD_CD_tN_uL_GM/item-parameters-gllrm.txt"
"gllrm_background_matrix","gRm/R/gllrm_context.R","source/PAS_skunits/skbias12b.pas","Initialize_GLLRMinfo","","","GLLRM Estimation","gRm/tests/testthat/test-gllrm-context.R","validation/BIRT/BIRT_movtiva/output/ux_vx_xD_CD_tN_uL_GM/item-parameters-gllrm.txt"
"gllrm_check_component_complexity","gRm/R/gllrm_context.R","source/PAS_skunits/skbias12b.pas","Initialize_GLLRMinfo","","","GLLRM Estimation","gRm/tests/testthat/test-gllrm-context.R","validation/BIRT/BIRT_movtiva/output/ux_vx_xD_CD_tN_uL_GM/item-parameters-gllrm.txt"
"gllrm_dif_specs","gRm/R/gllrm_context.R","source/PAS_skunits/skbias12b.pas","Initialize_GLLRMinfo","","","GLLRM Estimation","gRm/tests/testthat/test-gllrm-context.R","validation/BIRT/BIRT_movtiva/output/ux_vx_xD_CD_tN_uL_GM/item-parameters-gllrm.txt"
"gllrm_item_matrix","gRm/R/gllrm_context.R","source/PAS_skunits/skbias12b.pas","Initialize_GLLRMinfo","","","GLLRM Estimation","gRm/tests/testthat/test-gllrm-context.R","validation/BIRT/BIRT_movtiva/output/ux_vx_xD_CD_tN_uL_GM/item-parameters-gllrm.txt"
"gllrm_item_score_reference","gRm/R/gllrm_context.R","source/PAS_skunits/skbias12b.pas","Initialize_GLLRMinfo","","","GLLRM Estimation","gRm/tests/testthat/test-gllrm-context.R","validation/BIRT/BIRT_movtiva/output/ux_vx_xD_CD_tN_uL_GM/item-parameters-gllrm.txt"
"gllrm_ld_specs","gRm/R/gllrm_context.R","source/PAS_skunits/skbias12b.pas","Initialize_GLLRMinfo","","","GLLRM Estimation","gRm/tests/testthat/test-gllrm-context.R","validation/BIRT/BIRT_movtiva/output/ux_vx_xD_CD_tN_uL_GM/item-parameters-gllrm.txt"
"gllrm_metadata_matrix","gRm/R/gllrm_context.R","source/PAS_skunits/skbias12b.pas","Initialize_GLLRMinfo","","","GLLRM Estimation","gRm/tests/testthat/test-gllrm-context.R","validation/BIRT/BIRT_movtiva/output/ux_vx_xD_CD_tN_uL_GM/item-parameters-gllrm.txt"
"gllrm_observed_dif","gRm/R/gllrm_context.R","source/PAS_skunits/skbias12b.pas","Initialize_GLLRMinfo","","","GLLRM Estimation","gRm/tests/testthat/test-gllrm-context.R","validation/BIRT/BIRT_movtiva/output/ux_vx_xD_CD_tN_uL_GM/item-parameters-gllrm.txt"
"gllrm_observed_ld","gRm/R/gllrm_context.R","source/PAS_skunits/skbias12b.pas","Initialize_GLLRMinfo","","","GLLRM Estimation","gRm/tests/testthat/test-gllrm-context.R","validation/BIRT/BIRT_movtiva/output/ux_vx_xD_CD_tN_uL_GM/item-parameters-gllrm.txt"
"gllrm_score_exo_groups","gRm/R/gllrm_context.R","source/PAS_skunits/skbias12b.pas","Initialize_GLLRMinfo","","","GLLRM Estimation","gRm/tests/testthat/test-gllrm-context.R","validation/BIRT/BIRT_movtiva/output/ux_vx_xD_CD_tN_uL_GM/item-parameters-gllrm.txt"
"add_ld_item_log_factors","gRm/R/gllrm_fit.R","source/PAS_skunits/skbias12b.pas","Estimate_GLLRM","","","GLLRM Estimation","gRm/tests/testthat/test-gllrm-fit.R","validation/BIRT/BIRT_movtiva/output/ux_vx_xD_CD_tN_uL_GM/item-parameters-gllrm.txt"
"adjust_gllrm_dependency_parameters","gRm/R/gllrm_fit.R","source/PAS_skunits/skbias12b.pas","Estimate_GLLRM","","","GLLRM Estimation","gRm/tests/testthat/test-gllrm-fit.R","validation/BIRT/BIRT_movtiva/output/ux_vx_xD_CD_tN_uL_GM/item-parameters-gllrm.txt"
"adjust_gllrm_dif_reference","gRm/R/gllrm_fit.R","source/PAS_skunits/skbias12b.pas","Estimate_GLLRM","","","GLLRM Estimation","gRm/tests/testthat/test-gllrm-fit.R","validation/BIRT/BIRT_movtiva/output/ux_vx_xD_CD_tN_uL_GM/item-parameters-gllrm.txt"
"adjust_item_gammas_source_scale_log","gRm/R/gllrm_fit.R","source/PAS_skunits/skbias12b.pas","Estimate_GLLRM","","","GLLRM Estimation","gRm/tests/testthat/test-gllrm-fit.R","validation/BIRT/BIRT_movtiva/output/ux_vx_xD_CD_tN_uL_GM/item-parameters-gllrm.txt"
"calculate_gllrm_joint_expected_margins","gRm/R/gllrm_fit.R","source/PAS_skunits/skbias12b.pas","Estimate_GLLRM","","","GLLRM Estimation","gRm/tests/testthat/test-gllrm-fit.R","validation/BIRT/BIRT_movtiva/output/ux_vx_xD_CD_tN_uL_GM/item-parameters-gllrm.txt"
"calculate_gllrm_joint_expected_margins_cpp","gRm/R/gllrm_fit.R","source/PAS_skunits/skbias12b.pas","Estimate_GLLRM","","","GLLRM Estimation","gRm/tests/testthat/test-gllrm-fit.R","validation/BIRT/BIRT_movtiva/output/ux_vx_xD_CD_tN_uL_GM/item-parameters-gllrm.txt"
"calculate_gllrm_joint_expected_margins_r","gRm/R/gllrm_fit.R","source/PAS_skunits/skbias12b.pas","Estimate_GLLRM","","","GLLRM Estimation","gRm/tests/testthat/test-gllrm-fit.R","validation/BIRT/BIRT_movtiva/output/ux_vx_xD_CD_tN_uL_GM/item-parameters-gllrm.txt"
"fit_gllrm","gRm/R/gllrm_fit.R","source/PAS_skunits/skbias12b.pas","Estimate_GLLRM","","","GLLRM Estimation","gRm/tests/testthat/test-gllrm-fit.R","validation/BIRT/BIRT_movtiva/output/ux_vx_xD_CD_tN_uL_GM/item-parameters-gllrm.txt"
"fit_gllrm_with_added_dif","gRm/R/gllrm_fit.R","source/PAS_skunits/skbias12b.pas","Estimate_GLLRM","","","GLLRM Estimation","gRm/tests/testthat/test-gllrm-fit.R","validation/BIRT/BIRT_movtiva/output/ux_vx_xD_CD_tN_uL_GM/item-parameters-gllrm.txt"
"fit_gllrm_with_added_dif_full_refit","gRm/R/gllrm_fit.R","source/PAS_skunits/skbias12b.pas","Estimate_GLLRM","","","GLLRM Estimation","gRm/tests/testthat/test-gllrm-fit.R","validation/BIRT/BIRT_movtiva/output/ux_vx_xD_CD_tN_uL_GM/item-parameters-gllrm.txt"
"fit_gllrm_with_added_ld","gRm/R/gllrm_fit.R","source/PAS_skunits/skbias12b.pas","Estimate_GLLRM","","","GLLRM Estimation","gRm/tests/testthat/test-gllrm-fit.R","validation/BIRT/BIRT_movtiva/output/ux_vx_xD_CD_tN_uL_GM/item-parameters-gllrm.txt"
"fit_gllrm_with_added_ld_full_refit","gRm/R/gllrm_fit.R","source/PAS_skunits/skbias12b.pas","Estimate_GLLRM","","","GLLRM Estimation","gRm/tests/testthat/test-gllrm-fit.R","validation/BIRT/BIRT_movtiva/output/ux_vx_xD_CD_tN_uL_GM/item-parameters-gllrm.txt"
"gllrm_accumulate_component_expected","gRm/R/gllrm_fit.R","source/PAS_skunits/skbias12b.pas","Estimate_GLLRM","","","GLLRM Estimation","gRm/tests/testthat/test-gllrm-fit.R","validation/BIRT/BIRT_movtiva/output/ux_vx_xD_CD_tN_uL_GM/item-parameters-gllrm.txt"
"gllrm_background_cache_key","gRm/R/gllrm_fit.R","source/PAS_skunits/skbias12b.pas","Estimate_GLLRM","","","GLLRM Estimation","gRm/tests/testthat/test-gllrm-fit.R","validation/BIRT/BIRT_movtiva/output/ux_vx_xD_CD_tN_uL_GM/item-parameters-gllrm.txt"
"gllrm_component_convolutions","gRm/R/gllrm_fit.R","source/PAS_skunits/skbias12b.pas","Estimate_GLLRM","","","GLLRM Estimation","gRm/tests/testthat/test-gllrm-fit.R","validation/BIRT/BIRT_movtiva/output/ux_vx_xD_CD_tN_uL_GM/item-parameters-gllrm.txt"
"gllrm_expected_native_available","gRm/R/gllrm_fit.R","source/PAS_skunits/skbias12b.pas","Estimate_GLLRM","","","GLLRM Estimation","gRm/tests/testthat/test-gllrm-fit.R","validation/BIRT/BIRT_movtiva/output/ux_vx_xD_CD_tN_uL_GM/item-parameters-gllrm.txt"
"gllrm_expected_native_input","gRm/R/gllrm_fit.R","source/PAS_skunits/skbias12b.pas","Estimate_GLLRM","","","GLLRM Estimation","gRm/tests/testthat/test-gllrm-fit.R","validation/BIRT/BIRT_movtiva/output/ux_vx_xD_CD_tN_uL_GM/item-parameters-gllrm.txt"
"gllrm_group_background_values","gRm/R/gllrm_fit.R","source/PAS_skunits/skbias12b.pas","Estimate_GLLRM","","","GLLRM Estimation","gRm/tests/testthat/test-gllrm-fit.R","validation/BIRT/BIRT_movtiva/output/ux_vx_xD_CD_tN_uL_GM/item-parameters-gllrm.txt"
"gllrm_loglike","gRm/R/gllrm_fit.R","source/PAS_skunits/skbias12b.pas","Estimate_GLLRM","","","GLLRM Estimation","gRm/tests/testthat/test-gllrm-fit.R","validation/BIRT/BIRT_movtiva/output/ux_vx_xD_CD_tN_uL_GM/item-parameters-gllrm.txt"
"gllrm_output_parameter_state","gRm/R/gllrm_fit.R","source/PAS_skunits/skbias12b.pas","Estimate_GLLRM","","","GLLRM Estimation","gRm/tests/testthat/test-gllrm-fit.R","validation/BIRT/BIRT_movtiva/output/ux_vx_xD_CD_tN_uL_GM/item-parameters-gllrm.txt"
"gllrm_score_gamma","gRm/R/gllrm_fit.R","source/PAS_skunits/skbias12b.pas","Estimate_GLLRM","","","GLLRM Estimation","gRm/tests/testthat/test-gllrm-fit.R","validation/BIRT/BIRT_movtiva/output/ux_vx_xD_CD_tN_uL_GM/item-parameters-gllrm.txt"
"update_gllrm_parameters","gRm/R/gllrm_fit.R","source/PAS_skunits/skbias12b.pas","Estimate_GLLRM","","","GLLRM Estimation","gRm/tests/testthat/test-gllrm-fit.R","validation/BIRT/BIRT_movtiva/output/ux_vx_xD_CD_tN_uL_GM/item-parameters-gllrm.txt"
"update_gllrm_parameters_core","gRm/R/gllrm_fit.R","source/PAS_skunits/skbias12b.pas","Estimate_GLLRM","","","GLLRM Estimation","gRm/tests/testthat/test-gllrm-fit.R","validation/BIRT/BIRT_movtiva/output/ux_vx_xD_CD_tN_uL_GM/item-parameters-gllrm.txt"
"update_gllrm_parameters_once","gRm/R/gllrm_fit.R","source/PAS_skunits/skbias12b.pas","Estimate_GLLRM","","","GLLRM Estimation","gRm/tests/testthat/test-gllrm-fit.R","validation/BIRT/BIRT_movtiva/output/ux_vx_xD_CD_tN_uL_GM/item-parameters-gllrm.txt"
"gllrm_cached_item_probabilities","gRm/R/gllrm_probability_cache.R","source/PAS_skunits/skbias22.pas","Gamma_calculation","","","GLLRM Estimation","gRm/tests/testthat/test-gllrm-fit.R","validation/BIRT/BIRT_movtiva/output/ux_vx_xD_CD_tN_uL_GM/item-parameters-gllrm.txt"
"gllrm_cached_ld_probabilities","gRm/R/gllrm_probability_cache.R","source/PAS_skunits/skbias22.pas","Gamma_calculation","","","GLLRM Estimation","gRm/tests/testthat/test-gllrm-fit.R","validation/BIRT/BIRT_movtiva/output/ux_vx_xD_CD_tN_uL_GM/item-parameters-gllrm.txt"
"gllrm_probability_cache_key","gRm/R/gllrm_probability_cache.R","source/PAS_skunits/skbias22.pas","Gamma_calculation","","","GLLRM Estimation","gRm/tests/testthat/test-gllrm-fit.R","validation/BIRT/BIRT_movtiva/output/ux_vx_xD_CD_tN_uL_GM/item-parameters-gllrm.txt"
"new_gllrm_probability_cache","gRm/R/gllrm_probability_cache.R","source/PAS_skunits/skbias22.pas","Gamma_calculation","","","GLLRM Estimation","gRm/tests/testthat/test-gllrm-fit.R","validation/BIRT/BIRT_movtiva/output/ux_vx_xD_CD_tN_uL_GM/item-parameters-gllrm.txt"
"source_gllrm_control_state","gRm/R/gllrm_stop_state.R","source/PAS_skunits/skbias12b.pas","Estimate_GLLRM","pascal_harness/GLLRM_STOP_STATE.pas","RunTrajectory","GLLRM Estimation","gRm/tests/testthat/test-gllrm-stop-state.R","pascal_harness/GLLRM_STOP_STATE.pas"
"source_gllrm_final_convergence","gRm/R/gllrm_stop_state.R","source/PAS_skunits/skbias12b.pas","Estimate_GLLRM","pascal_harness/GLLRM_STOP_STATE.pas","RunTrajectory","GLLRM Estimation","gRm/tests/testthat/test-gllrm-stop-state.R","pascal_harness/GLLRM_STOP_STATE.pas"
"source_gllrm_history_value","gRm/R/gllrm_stop_state.R","source/PAS_skunits/skbias12b.pas","Estimate_GLLRM","pascal_harness/GLLRM_STOP_STATE.pas","RunTrajectory","GLLRM Estimation","gRm/tests/testthat/test-gllrm-stop-state.R","pascal_harness/GLLRM_STOP_STATE.pas"
"source_gllrm_observe_delta","gRm/R/gllrm_stop_state.R","source/PAS_skunits/skbias12b.pas","Estimate_GLLRM","pascal_harness/GLLRM_STOP_STATE.pas","RunTrajectory","GLLRM Estimation","gRm/tests/testthat/test-gllrm-stop-state.R","pascal_harness/GLLRM_STOP_STATE.pas"
"source_gllrm_recurring_delta_values","gRm/R/gllrm_stop_state.R","source/PAS_skunits/skbias12b.pas","Estimate_GLLRM","pascal_harness/GLLRM_STOP_STATE.pas","RunTrajectory","GLLRM Estimation","gRm/tests/testthat/test-gllrm-stop-state.R","pascal_harness/GLLRM_STOP_STATE.pas"
"source_gllrm_stop_decision","gRm/R/gllrm_stop_state.R","source/PAS_skunits/skbias12b.pas","Estimate_GLLRM","pascal_harness/GLLRM_STOP_STATE.pas","RunTrajectory","GLLRM Estimation","gRm/tests/testthat/test-gllrm-stop-state.R","pascal_harness/GLLRM_STOP_STATE.pas"
"source_order_dif_table","gRm/R/gllrm_term_order.R","source/PAS_skunits/skbias12b.pas","Initialize_GLLRMinfo","","","GLLRM Estimation","gRm/tests/testthat/test-gllrm-source-order.R","validation/BIRT/BIRT_movtiva/output/ux_vx_xD_CD_tN_uL_GM/item-parameters-gllrm.txt"
"source_order_ld_table","gRm/R/gllrm_term_order.R","source/PAS_skunits/skbias12b.pas","Initialize_GLLRMinfo","","","GLLRM Estimation","gRm/tests/testthat/test-gllrm-source-order.R","validation/BIRT/BIRT_movtiva/output/ux_vx_xD_CD_tN_uL_GM/item-parameters-gllrm.txt"
"source_order_model_terms","gRm/R/gllrm_term_order.R","source/PAS_skunits/skbias12b.pas","Initialize_GLLRMinfo","","","GLLRM Estimation","gRm/tests/testthat/test-gllrm-source-order.R","validation/BIRT/BIRT_movtiva/output/ux_vx_xD_CD_tN_uL_GM/item-parameters-gllrm.txt"
"source_order_names","gRm/R/gllrm_term_order.R","source/PAS_skunits/skbias12b.pas","Initialize_GLLRMinfo","","","GLLRM Estimation","gRm/tests/testthat/test-gllrm-source-order.R","validation/BIRT/BIRT_movtiva/output/ux_vx_xD_CD_tN_uL_GM/item-parameters-gllrm.txt"
"calculate_gllrm_n_parameters","gRm/R/gllrm_values.R","source/PAS_skunits/skbias22.pas","GLLRM_output","","","GLLRM Estimation","gRm/tests/testthat/test-gllrm-fit.R","validation/BIRT/BIRT_movtiva/output/ux_vx_xD_CD_tN_uL_GM/item-parameters-gllrm.txt"
"gllrm_detail_tables","gRm/R/gllrm_values.R","source/PAS_skunits/skbias22.pas","GLLRM_output","","","GLLRM Estimation","gRm/tests/testthat/test-gllrm-fit.R","validation/BIRT/BIRT_movtiva/output/ux_vx_xD_CD_tN_uL_GM/item-parameters-gllrm.txt"
"gllrm_dif_margin_table","gRm/R/gllrm_values.R","source/PAS_skunits/skbias22.pas","GLLRM_output","","","GLLRM Estimation","gRm/tests/testthat/test-gllrm-fit.R","validation/BIRT/BIRT_movtiva/output/ux_vx_xD_CD_tN_uL_GM/item-parameters-gllrm.txt"
"gllrm_dif_parameter_table","gRm/R/gllrm_values.R","source/PAS_skunits/skbias22.pas","GLLRM_output","","","GLLRM Estimation","gRm/tests/testthat/test-gllrm-fit.R","validation/BIRT/BIRT_movtiva/output/ux_vx_xD_CD_tN_uL_GM/item-parameters-gllrm.txt"
"gllrm_dif_parameter_values","gRm/R/gllrm_values.R","source/PAS_skunits/skbias22.pas","GLLRM_output","","","GLLRM Estimation","gRm/tests/testthat/test-gllrm-fit.R","validation/BIRT/BIRT_movtiva/output/ux_vx_xD_CD_tN_uL_GM/item-parameters-gllrm.txt"
"gllrm_item_margin_table","gRm/R/gllrm_values.R","source/PAS_skunits/skbias22.pas","GLLRM_output","","","GLLRM Estimation","gRm/tests/testthat/test-gllrm-fit.R","validation/BIRT/BIRT_movtiva/output/ux_vx_xD_CD_tN_uL_GM/item-parameters-gllrm.txt"
"gllrm_item_values","gRm/R/gllrm_values.R","source/PAS_skunits/skbias22.pas","GLLRM_output","","","GLLRM Estimation","gRm/tests/testthat/test-gllrm-fit.R","validation/BIRT/BIRT_movtiva/output/ux_vx_xD_CD_tN_uL_GM/item-parameters-gllrm.txt"
"gllrm_ld_margin_table","gRm/R/gllrm_values.R","source/PAS_skunits/skbias22.pas","GLLRM_output","","","GLLRM Estimation","gRm/tests/testthat/test-gllrm-fit.R","validation/BIRT/BIRT_movtiva/output/ux_vx_xD_CD_tN_uL_GM/item-parameters-gllrm.txt"
"gllrm_ld_parameter_table","gRm/R/gllrm_values.R","source/PAS_skunits/skbias22.pas","GLLRM_output","","","GLLRM Estimation","gRm/tests/testthat/test-gllrm-fit.R","validation/BIRT/BIRT_movtiva/output/ux_vx_xD_CD_tN_uL_GM/item-parameters-gllrm.txt"
"gllrm_ld_parameter_values","gRm/R/gllrm_values.R","source/PAS_skunits/skbias22.pas","GLLRM_output","","","GLLRM Estimation","gRm/tests/testthat/test-gllrm-fit.R","validation/BIRT/BIRT_movtiva/output/ux_vx_xD_CD_tN_uL_GM/item-parameters-gllrm.txt"
"gllrm_values","gRm/R/gllrm_values.R","source/PAS_skunits/skbias22.pas","GLLRM_output","","","GLLRM Estimation","gRm/tests/testthat/test-gllrm-fit.R","validation/BIRT/BIRT_movtiva/output/ux_vx_xD_CD_tN_uL_GM/item-parameters-gllrm.txt"
"source_gamma_from_table","gRm/R/gllrm_values.R","source/PAS_skunits/skbias22.pas","GLLRM_output","","","GLLRM Estimation","gRm/tests/testthat/test-gllrm-fit.R","validation/BIRT/BIRT_movtiva/output/ux_vx_xD_CD_tN_uL_GM/item-parameters-gllrm.txt"
"source_observed_margin_n_parameters","gRm/R/gllrm_values.R","source/PAS_skunits/skbias22.pas","GLLRM_output","","","GLLRM Estimation","gRm/tests/testthat/test-gllrm-fit.R","validation/BIRT/BIRT_movtiva/output/ux_vx_xD_CD_tN_uL_GM/item-parameters-gllrm.txt"
"source_odds_ratio_from_gamma","gRm/R/gllrm_values.R","source/PAS_skunits/skbias22.pas","GLLRM_output","","","GLLRM Estimation","gRm/tests/testthat/test-gllrm-fit.R","validation/BIRT/BIRT_movtiva/output/ux_vx_xD_CD_tN_uL_GM/item-parameters-gllrm.txt"
"standardize_parameter_table_source","gRm/R/gllrm_values.R","source/PAS_skunits/skbias22.pas","GLLRM_output","","","GLLRM Estimation","gRm/tests/testthat/test-gllrm-fit.R","validation/BIRT/BIRT_movtiva/output/ux_vx_xD_CD_tN_uL_GM/item-parameters-gllrm.txt"
"gllrm_global_homogeneity_uniform_dif","gRm/R/global_homogeneity_dif.R","source/PAS_scd/DGRirtD.pas","GlobalHomogeneity","","","Global Homogeneity Report","gRm/tests/testthat/test-statistical-api.R","validation/BIRT/BIRT_movtiva/output/rasch/check-global-homo.txt"
"gllrm_uniform_dif_scoregroup_tables","gRm/R/global_homogeneity_dif.R","source/PAS_scd/DGRirtD.pas","GlobalHomogeneity","","","Global Homogeneity Report","gRm/tests/testthat/test-statistical-api.R","validation/BIRT/BIRT_movtiva/output/rasch/check-global-homo.txt"
"gllrm_uniform_dif_scoregroup_tables_all","gRm/R/global_homogeneity_dif.R","source/PAS_scd/DGRirtD.pas","GlobalHomogeneity","","","Global Homogeneity Report","gRm/tests/testthat/test-statistical-api.R","validation/BIRT/BIRT_movtiva/output/rasch/check-global-homo.txt"
"gllrm_uniform_dif_scoregroup_tables_for_specs","gRm/R/global_homogeneity_dif.R","source/PAS_scd/DGRirtD.pas","GlobalHomogeneity","","","Global Homogeneity Report","gRm/tests/testthat/test-statistical-api.R","validation/BIRT/BIRT_movtiva/output/rasch/check-global-homo.txt"
"gllrm_uniform_dif_standardize_expected","gRm/R/global_homogeneity_dif.R","source/PAS_scd/DGRirtD.pas","GlobalHomogeneity","","","Global Homogeneity Report","gRm/tests/testthat/test-statistical-api.R","validation/BIRT/BIRT_movtiva/output/rasch/check-global-homo.txt"
"gllrm_uniform_dif_summary_row","gRm/R/global_homogeneity_dif.R","source/PAS_scd/DGRirtD.pas","GlobalHomogeneity","","","Global Homogeneity Report","gRm/tests/testthat/test-statistical-api.R","validation/BIRT/BIRT_movtiva/output/rasch/check-global-homo.txt"
"gllrm_global_homogeneity_uniform_ld","gRm/R/global_homogeneity_fit.R","source/PAS_scd/DGRirtD.pas","GlobalHomogeneity","","","Global Homogeneity Report","gRm/tests/testthat/test-statistical-api.R","validation/BIRT/BIRT_movtiva/output/rasch/check-global-homo.txt"
"gllrm_global_homogeneity_values","gRm/R/global_homogeneity_fit.R","source/PAS_scd/DGRirtD.pas","GlobalHomogeneity","","","Global Homogeneity Report","gRm/tests/testthat/test-statistical-api.R","validation/BIRT/BIRT_movtiva/output/rasch/check-global-homo.txt"
"global_homogeneity_values","gRm/R/global_homogeneity_fit.R","source/PAS_scd/DGRirtD.pas","GlobalHomogeneity","","","Global Homogeneity Report","gRm/tests/testthat/test-statistical-api.R","validation/BIRT/BIRT_movtiva/output/rasch/check-global-homo.txt"
"gllrm_global_homogeneity_expected_item_margin_tables","gRm/R/global_homogeneity_items.R","source/PAS_scd/DGRirtD.pas","GlobalHomogeneity","","","Global Homogeneity Report","gRm/tests/testthat/test-statistical-api.R","validation/BIRT/BIRT_movtiva/output/rasch/check-global-homo.txt"
"gllrm_global_homogeneity_item_mean_rows","gRm/R/global_homogeneity_items.R","source/PAS_scd/DGRirtD.pas","GlobalHomogeneity","","","Global Homogeneity Report","gRm/tests/testthat/test-statistical-api.R","validation/BIRT/BIRT_movtiva/output/rasch/check-global-homo.txt"
"gllrm_global_homogeneity_item_variances","gRm/R/global_homogeneity_items.R","source/PAS_scd/DGRirtD.pas","GlobalHomogeneity","","","Global Homogeneity Report","gRm/tests/testthat/test-statistical-api.R","validation/BIRT/BIRT_movtiva/output/rasch/check-global-homo.txt"
"gllrm_global_homogeneity_score_item_n","gRm/R/global_homogeneity_items.R","source/PAS_scd/DGRirtD.pas","GlobalHomogeneity","","","Global Homogeneity Report","gRm/tests/testthat/test-statistical-api.R","validation/BIRT/BIRT_movtiva/output/rasch/check-global-homo.txt"
"gllrm_group_ld_probabilities","gRm/R/global_homogeneity_ld.R","source/PAS_scd/DGRirtD.pas","GlobalHomogeneity","","","Global Homogeneity Report","gRm/tests/testthat/test-statistical-api.R","validation/BIRT/BIRT_movtiva/output/rasch/check-global-homo.txt"
"gllrm_uniform_ld_scoregroup_tables","gRm/R/global_homogeneity_ld.R","source/PAS_scd/DGRirtD.pas","GlobalHomogeneity","","","Global Homogeneity Report","gRm/tests/testthat/test-statistical-api.R","validation/BIRT/BIRT_movtiva/output/rasch/check-global-homo.txt"
"gllrm_uniform_ld_scoregroup_tables_all","gRm/R/global_homogeneity_ld.R","source/PAS_scd/DGRirtD.pas","GlobalHomogeneity","","","Global Homogeneity Report","gRm/tests/testthat/test-statistical-api.R","validation/BIRT/BIRT_movtiva/output/rasch/check-global-homo.txt"
"gllrm_uniform_ld_summary_row","gRm/R/global_homogeneity_ld.R","source/PAS_scd/DGRirtD.pas","GlobalHomogeneity","","","Global Homogeneity Report","gRm/tests/testthat/test-statistical-api.R","validation/BIRT/BIRT_movtiva/output/rasch/check-global-homo.txt"
"gllrm_uniform_summary_stats","gRm/R/global_homogeneity_ld.R","source/PAS_scd/DGRirtD.pas","GlobalHomogeneity","","","Global Homogeneity Report","gRm/tests/testthat/test-statistical-api.R","validation/BIRT/BIRT_movtiva/output/rasch/check-global-homo.txt"
"gllrm_uniform_complete_rows","gRm/R/global_homogeneity_values.R","source/PAS_scd/DGRirtD.pas","GlobalHomogeneity","","","Global Homogeneity Report","gRm/tests/testthat/test-statistical-api.R","validation/BIRT/BIRT_movtiva/output/rasch/check-global-homo.txt"
"global_homogeneity_expected_item_margin_tables","gRm/R/global_homogeneity_values.R","source/PAS_scd/DGRirtD.pas","GlobalHomogeneity","","","Global Homogeneity Report","gRm/tests/testthat/test-statistical-api.R","validation/BIRT/BIRT_movtiva/output/rasch/check-global-homo.txt"
"global_homogeneity_item_mean_rows","gRm/R/global_homogeneity_values.R","source/PAS_scd/DGRirtD.pas","GlobalHomogeneity","","","Global Homogeneity Report","gRm/tests/testthat/test-statistical-api.R","validation/BIRT/BIRT_movtiva/output/rasch/check-global-homo.txt"
"global_homogeneity_lookup_score","gRm/R/global_homogeneity_values.R","source/PAS_scd/DGRirtD.pas","GlobalHomogeneity","","","Global Homogeneity Report","gRm/tests/testthat/test-statistical-api.R","validation/BIRT/BIRT_movtiva/output/rasch/check-global-homo.txt"
"global_homogeneity_score_gamma","gRm/R/global_homogeneity_values.R","source/PAS_scd/DGRirtD.pas","GlobalHomogeneity","","","Global Homogeneity Report","gRm/tests/testthat/test-statistical-api.R","validation/BIRT/BIRT_movtiva/output/rasch/check-global-homo.txt"
"global_homogeneity_score_group_lookup","gRm/R/global_homogeneity_values.R","source/PAS_scd/DGRirtD.pas","GlobalHomogeneity","","","Global Homogeneity Report","gRm/tests/testthat/test-statistical-api.R","validation/BIRT/BIRT_movtiva/output/rasch/check-global-homo.txt"
"global_homogeneity_score_groups","gRm/R/global_homogeneity_values.R","source/PAS_scd/DGRirtD.pas","GlobalHomogeneity","","","Global Homogeneity Report","gRm/tests/testthat/test-statistical-api.R","validation/BIRT/BIRT_movtiva/output/rasch/check-global-homo.txt"
"global_homogeneity_summarize_tal","gRm/R/global_homogeneity_values.R","source/PAS_scd/DGRirtD.pas","GlobalHomogeneity","","","Global Homogeneity Report","gRm/tests/testthat/test-statistical-api.R","validation/BIRT/BIRT_movtiva/output/rasch/check-global-homo.txt"
"global_homogeneity_uniform_score_group_lookup","gRm/R/global_homogeneity_values.R","source/PAS_scd/DGRirtD.pas","GlobalHomogeneity","","","Global Homogeneity Report","gRm/tests/testthat/test-statistical-api.R","validation/BIRT/BIRT_movtiva/output/rasch/check-global-homo.txt"
"gRm_default_global_homogeneity_score_cuts","gRm/R/global_homogeneity_values.R","source/PAS_scd/DGRirtD.pas","GlobalHomogeneity","","","Global Homogeneity Report","gRm/tests/testthat/test-statistical-api.R","validation/BIRT/BIRT_movtiva/output/rasch/check-global-homo.txt"
"subset_bundle_to_score_group","gRm/R/global_homogeneity_values.R","source/PAS_scd/DGRirtD.pas","GlobalHomogeneity","","","Global Homogeneity Report","gRm/tests/testthat/test-statistical-api.R","validation/BIRT/BIRT_movtiva/output/rasch/check-global-homo.txt"
"calculate_conditional_item_fit_values","gRm/R/item_fits_conditional.R","source/PAS_skunits/skbias15.pas","Calculate_residuals_and_item_fits","pascal_harness/SourceRaschCore.pas","EmitSKbias14CompactItemFitRows","Compact ItemFits Report","gRm/tests/testthat/test-item-fits-example-edge-formatting.R","validation/BIRT/BIRT_movtiva/output/rasch/item-fits.txt"
"calculate_item_restscore_gamma_values","gRm/R/item_fits_conditional.R","source/PAS_skunits/skbias15.pas","Calculate_residuals_and_item_fits","pascal_harness/SourceRaschCore.pas","EmitSKbias14CompactItemFitRows","Compact ItemFits Report","gRm/tests/testthat/test-item-fits-example-edge-formatting.R","validation/BIRT/BIRT_movtiva/output/rasch/item-fits.txt"
"conditional_item_fit_add_incomplete","gRm/R/item_fits_conditional.R","source/PAS_skunits/skbias15.pas","CalculateInAndOutfits","pascal_harness/SourceRaschCore.pas","EmitSKbias14CompactItemFitRows","Compact ItemFits Report","gRm/tests/testthat/test-item-fits-incomplete-records.R","validation/BIRT/BIRT_movtiva/output/rasch/item-fits.txt"
"conditional_item_fit_complete_accumulators","gRm/R/item_fits_conditional.R","source/PAS_skunits/skbias15.pas","CalculateInAndOutfits","pascal_harness/SourceRaschCore.pas","EmitSKbias14CompactItemFitRows","Compact ItemFits Report","gRm/tests/testthat/test-item-fits-example-edge-formatting.R","validation/BIRT/BIRT_movtiva/output/rasch/item-fits.txt"
"item_restscore_gamma_item","gRm/R/item_fits_conditional.R","source/PAS_skunits/skbias14.pas","Calculate_item_restscore_gamma","pascal_harness/SourceRaschCore.pas","EmitSKbias14CompactItemFitRows","Compact ItemFits Report","gRm/tests/testthat/test-item-fits-incomplete-records.R","validation/BIRT/BIRT_movtiva/output/rasch/item-fits.txt"
"calculate_extended_item_fit_values","gRm/R/item_fits_extended.R","source/PAS_skunits/skbias15.pas","Calculate_residuals_and_item_fits","pascal_harness/SourceRaschCore.pas","EmitSKbias14CompactItemFitRows","Compact ItemFits Report","gRm/tests/testthat/test-item-fits-example-edge-formatting.R","validation/BIRT/BIRT_movtiva/output/rasch/item-fits.txt"
"extended_global_restscore_tables","gRm/R/item_fits_extended.R","source/PAS_skunits/skbias15.pas","Calculate_residuals_and_item_fits","pascal_harness/SourceRaschCore.pas","EmitSKbias14CompactItemFitRows","Compact ItemFits Report","gRm/tests/testthat/test-item-fits-example-edge-formatting.R","validation/BIRT/BIRT_movtiva/output/rasch/item-fits.txt"
"extended_item_fit_score_row","gRm/R/item_fits_extended.R","source/PAS_skunits/skbias15.pas","CalculateOutfit","pascal_harness/SourceRaschCore.pas","EmitSKbias14CompactItemFitRows","Compact ItemFits Report","gRm/tests/testthat/test-item-fits-example-edge-formatting.R","validation/BIRT/BIRT_movtiva/output/rasch/item-fits.txt"
"extended_item_fit_summary_row","gRm/R/item_fits_extended.R","source/PAS_skunits/skbias15.pas","Calculate_residuals_and_item_fits","pascal_harness/SourceRaschCore.pas","EmitSKbias14CompactItemFitRows","Compact ItemFits Report","gRm/tests/testthat/test-item-fits-example-edge-formatting.R","validation/BIRT/BIRT_movtiva/output/rasch/item-fits.txt"
"extended_item_restscore_source_tables","gRm/R/item_fits_extended.R","source/PAS_skunits/skbias15.pas","Calculate_residuals_and_item_fits","pascal_harness/SourceRaschCore.pas","EmitSKbias14CompactItemFitRows","Compact ItemFits Report","gRm/tests/testthat/test-item-fits-example-edge-formatting.R","validation/BIRT/BIRT_movtiva/output/rasch/item-fits.txt"
"extended_local_restscore_item","gRm/R/item_fits_extended.R","source/PAS_skunits/skbias14.pas","Calculate_item_restscore_gamma1","pascal_harness/SourceRaschCore.pas","EmitSKbias14CompactItemFitRows","Compact ItemFits Report","gRm/tests/testthat/test-item-fits-example-edge-formatting.R","validation/BIRT/BIRT_movtiva/output/rasch/item-fits.txt"
"extended_local_restscore_tables","gRm/R/item_fits_extended.R","source/PAS_skunits/skbias15.pas","Calculate_residuals_and_item_fits","pascal_harness/SourceRaschCore.pas","EmitSKbias14CompactItemFitRows","Compact ItemFits Report","gRm/tests/testthat/test-item-fits-example-edge-formatting.R","validation/BIRT/BIRT_movtiva/output/rasch/item-fits.txt"
"restscore_matrix","gRm/R/item_fits_extended.R","source/PAS_skunits/skbias15.pas","Calculate_residuals_and_item_fits","pascal_harness/SourceRaschCore.pas","EmitSKbias14CompactItemFitRows","Compact ItemFits Report","gRm/tests/testthat/test-item-fits-example-edge-formatting.R","validation/BIRT/BIRT_movtiva/output/rasch/item-fits.txt"
"restscore_table_rows","gRm/R/item_fits_extended.R","source/PAS_skunits/skbias15.pas","Calculate_residuals_and_item_fits","pascal_harness/SourceRaschCore.pas","EmitSKbias14CompactItemFitRows","Compact ItemFits Report","gRm/tests/testthat/test-item-fits-example-edge-formatting.R","validation/BIRT/BIRT_movtiva/output/rasch/item-fits.txt"
"component_restscore_table_rows","gRm/R/item_fits_gllrm.R","source/PAS_skunits/skbias15.pas","Calculate_residuals_and_item_fits","pascal_harness/SourceRaschCore.pas","EmitSKbias14CompactItemFitRows","Compact ItemFits Report","gRm/tests/testthat/test-item-fits-example-edge-formatting.R","validation/BIRT/BIRT_movtiva/output/rasch/item-fits.txt"
"gllrm_component_restscore_tables","gRm/R/item_fits_gllrm.R","source/PAS_skunits/skbias15.pas","Calculate_residuals_and_item_fits","pascal_harness/SourceRaschCore.pas","EmitSKbias14CompactItemFitRows","Compact ItemFits Report","gRm/tests/testthat/test-item-fits-example-edge-formatting.R","validation/BIRT/BIRT_movtiva/output/rasch/item-fits.txt"
"gllrm_group_item_probabilities","gRm/R/item_fits_gllrm.R","source/PAS_skunits/skbias15.pas","Calculate_residuals_and_item_fits","pascal_harness/SourceRaschCore.pas","EmitSKbias14CompactItemFitRows","Compact ItemFits Report","gRm/tests/testthat/test-item-fits-example-edge-formatting.R","validation/BIRT/BIRT_movtiva/output/rasch/item-fits.txt"
"gllrm_item_conditional_moments","gRm/R/item_fits_gllrm.R","source/PAS_skunits/skbias15.pas","Calculate_residuals_and_item_fits","pascal_harness/SourceRaschCore.pas","EmitSKbias14CompactItemFitRows","Compact ItemFits Report","gRm/tests/testthat/test-item-fits-example-edge-formatting.R","validation/BIRT/BIRT_movtiva/output/rasch/item-fits.txt"
"build_gamma_excluding_item_subset","gRm/R/item_fits_incomplete.R","source/PAS_skunits/skbias15.pas","Calculate_residuals_and_item_fits","pascal_harness/SourceRaschCore.pas","EmitSKbias14CompactItemFitRows","Compact ItemFits Report","gRm/tests/testthat/test-item-fits-example-edge-formatting.R","validation/BIRT/BIRT_movtiva/output/rasch/item-fits.txt"
"build_source_subset_gamma","gRm/R/item_fits_incomplete.R","source/PAS_skunits/skbias15.pas","Calculate_residuals_and_item_fits","pascal_harness/SourceRaschCore.pas","EmitSKbias14CompactItemFitRows","Compact ItemFits Report","gRm/tests/testthat/test-item-fits-example-edge-formatting.R","validation/BIRT/BIRT_movtiva/output/rasch/item-fits.txt"
"build_source_subset_gamma_fast","gRm/R/item_fits_incomplete.R","source/PAS_skunits/skbias15.pas","Calculate_residuals_and_item_fits","pascal_harness/SourceRaschCore.pas","EmitSKbias14CompactItemFitRows","Compact ItemFits Report","gRm/tests/testthat/test-item-fits-example-edge-formatting.R","validation/BIRT/BIRT_movtiva/output/rasch/item-fits.txt"
"collect_source_incomplete_records","gRm/R/item_fits_incomplete.R","source/PAS_skunits/skbias15.pas","Calculate_residuals_and_item_fits","pascal_harness/SourceRaschCore.pas","EmitSKbias14CompactItemFitRows","Compact ItemFits Report","gRm/tests/testthat/test-item-fits-example-edge-formatting.R","validation/BIRT/BIRT_movtiva/output/rasch/item-fits.txt"
"empty_source_incomplete_records","gRm/R/item_fits_incomplete.R","source/PAS_skunits/skbias15.pas","Calculate_residuals_and_item_fits","pascal_harness/SourceRaschCore.pas","EmitSKbias14CompactItemFitRows","Compact ItemFits Report","gRm/tests/testthat/test-item-fits-example-edge-formatting.R","validation/BIRT/BIRT_movtiva/output/rasch/item-fits.txt"
"incomplete_expected_total_score","gRm/R/item_fits_incomplete.R","source/PAS_skunits/skbias15.pas","Calculate_residuals_and_item_fits","pascal_harness/SourceRaschCore.pas","EmitSKbias14CompactItemFitRows","Compact ItemFits Report","gRm/tests/testthat/test-item-fits-example-edge-formatting.R","validation/BIRT/BIRT_movtiva/output/rasch/item-fits.txt"
"item_conditional_moment_for_subset","gRm/R/item_fits_incomplete.R","source/PAS_skunits/skbias15.pas","Calculate_residuals_and_item_fits","pascal_harness/SourceRaschCore.pas","EmitSKbias14CompactItemFitRows","Compact ItemFits Report","gRm/tests/testthat/test-item-fits-example-edge-formatting.R","validation/BIRT/BIRT_movtiva/output/rasch/item-fits.txt"
"item_conditional_moments","gRm/R/item_fits_incomplete.R","source/PAS_skunits/skbias15.pas","Calculate_residuals_and_item_fits","pascal_harness/SourceRaschCore.pas","EmitSKbias14CompactItemFitRows","Compact ItemFits Report","gRm/tests/testthat/test-item-fits-example-edge-formatting.R","validation/BIRT/BIRT_movtiva/output/rasch/item-fits.txt"
"prepare_incomplete_item_restscore_gamma","gRm/R/item_fits_incomplete.R","source/PAS_skunits/skbias15.pas","Calculate_residuals_and_item_fits","pascal_harness/SourceRaschCore.pas","EmitSKbias14CompactItemFitRows","Compact ItemFits Report","gRm/tests/testthat/test-item-fits-example-edge-formatting.R","validation/BIRT/BIRT_movtiva/output/rasch/item-fits.txt"
"fitted_gamma_stats","gRm/R/item_fits_statistics.R","source/PAS_skunits/skbias15.pas","Calculate_residuals_and_item_fits","pascal_harness/SourceRaschCore.pas","EmitSKbias14CompactItemFitRows","Compact ItemFits Report","gRm/tests/testthat/test-item-fits-example-edge-formatting.R","validation/BIRT/BIRT_movtiva/output/rasch/item-fits.txt"
"goodman_kruskal_gamma","gRm/R/item_fits_statistics.R","source/PAS_skunits/skbias15.pas","Calculate_residuals_and_item_fits","pascal_harness/SourceRaschCore.pas","EmitSKbias14CompactItemFitRows","Compact ItemFits Report","gRm/tests/testthat/test-item-fits-example-edge-formatting.R","validation/BIRT/BIRT_movtiva/output/rasch/item-fits.txt"
"inf_replace","gRm/R/item_fits_statistics.R","source/PAS_skunits/skbias15.pas","Calculate_residuals_and_item_fits","pascal_harness/SourceRaschCore.pas","EmitSKbias14CompactItemFitRows","Compact ItemFits Report","gRm/tests/testthat/test-item-fits-example-edge-formatting.R","validation/BIRT/BIRT_movtiva/output/rasch/item-fits.txt"
"item_fdr_risk","gRm/R/item_fits_statistics.R","source/PAS_skunits/skbias15.pas","Calculate_residuals_and_item_fits","pascal_harness/SourceRaschCore.pas","EmitSKbias14CompactItemFitRows","Compact ItemFits Report","gRm/tests/testthat/test-item-fits-example-edge-formatting.R","validation/BIRT/BIRT_movtiva/output/rasch/item-fits.txt"
"item_fit_direction","gRm/R/item_fits_statistics.R","source/PAS_skunits/skbias15.pas","Calculate_residuals_and_item_fits","pascal_harness/SourceRaschCore.pas","EmitSKbias14CompactItemFitRows","Compact ItemFits Report","gRm/tests/testthat/test-item-fits-example-edge-formatting.R","validation/BIRT/BIRT_movtiva/output/rasch/item-fits.txt"
"safe_ratio","gRm/R/item_fits_statistics.R","source/PAS_skunits/skbias15.pas","Calculate_residuals_and_item_fits","pascal_harness/SourceRaschCore.pas","EmitSKbias14CompactItemFitRows","Compact ItemFits Report","gRm/tests/testthat/test-item-fits-example-edge-formatting.R","validation/BIRT/BIRT_movtiva/output/rasch/item-fits.txt"
"safe_z","gRm/R/item_fits_statistics.R","source/PAS_skunits/skbias15.pas","Calculate_residuals_and_item_fits","pascal_harness/SourceRaschCore.pas","EmitSKbias14CompactItemFitRows","Compact ItemFits Report","gRm/tests/testthat/test-item-fits-example-edge-formatting.R","validation/BIRT/BIRT_movtiva/output/rasch/item-fits.txt"
"source_print_round","gRm/R/item_fits_statistics.R","source/PAS_skunits/skbias15.pas","Calculate_residuals_and_item_fits","pascal_harness/SourceRaschCore.pas","EmitSKbias14CompactItemFitRows","Compact ItemFits Report","gRm/tests/testthat/test-item-fits-example-edge-formatting.R","validation/BIRT/BIRT_movtiva/output/rasch/item-fits.txt"
"two_sided_source_normal_p","gRm/R/item_fits_statistics.R","source/PAS_skunits/skbias15.pas","Calculate_residuals_and_item_fits","pascal_harness/SourceRaschCore.pas","EmitSKbias14CompactItemFitRows","Compact ItemFits Report","gRm/tests/testthat/test-item-fits-example-edge-formatting.R","validation/BIRT/BIRT_movtiva/output/rasch/item-fits.txt"
"assemble_item_fits_values","gRm/R/item_fits_values.R","source/PAS_skunits/skbias15.pas","Calculate_residuals_and_item_fits","pascal_harness/SourceRaschCore.pas","EmitSKbias14CompactItemFitRows","Compact ItemFits Report","gRm/tests/testthat/test-item-fits-example-edge-formatting.R","validation/BIRT/BIRT_movtiva/output/rasch/item-fits.txt"
"base_item_fits_values","gRm/R/item_fits_values.R","source/PAS_skunits/skbias15.pas","Calculate_residuals_and_item_fits","pascal_harness/SourceRaschCore.pas","EmitSKbias14CompactItemFitRows","Compact ItemFits Report","gRm/tests/testthat/test-item-fits-example-edge-formatting.R","validation/BIRT/BIRT_movtiva/output/rasch/item-fits.txt"
"gllrm_component_restscore_values","gRm/R/item_fits_values.R","source/PAS_skunits/skbias15.pas","Calculate_residuals_and_item_fits","pascal_harness/SourceRaschCore.pas","EmitSKbias14CompactItemFitRows","Compact ItemFits Report","gRm/tests/testthat/test-item-fits-example-edge-formatting.R","validation/BIRT/BIRT_movtiva/output/rasch/item-fits.txt"
"gllrm_item_fits_values","gRm/R/item_fits_values.R","source/PAS_skunits/skbias15.pas","Calculate_residuals_and_item_fits","pascal_harness/SourceRaschCore.pas","EmitSKbias14CompactItemFitRows","Compact ItemFits Report","gRm/tests/testthat/test-item-fits-example-edge-formatting.R","validation/BIRT/BIRT_movtiva/output/rasch/item-fits.txt"
"item_fits_values","gRm/R/item_fits_values.R","source/PAS_skunits/skbias15.pas","Calculate_residuals_and_item_fits","pascal_harness/SourceRaschCore.pas","EmitSKbias14CompactItemFitRows","Compact ItemFits Report","gRm/tests/testthat/test-item-fits-example-edge-formatting.R","validation/BIRT/BIRT_movtiva/output/rasch/item-fits.txt"
"calculate_observed_score_range","gRm/R/item_parameters_values.R","source/PAS_skunits/skbias22.pas","GLLRM_output","pascal_harness/SourceRaschCore.pas","EmitGLLRMOutput4ParameterRows","Derived Item-Parameter Values","gRm/tests/testthat/test-item-parameters-extended-native.R","validation/BIRT/BIRT_movtiva/output/rasch/item-parameters.txt"
"calculate_source_n_parameters","gRm/R/item_parameters_values.R","source/PAS_skunits/skbias22.pas","GLLRM_output","pascal_harness/SourceRaschCore.pas","EmitGLLRMOutput4ParameterRows","Derived Item-Parameter Values","gRm/tests/testthat/test-item-parameters-extended-native.R","validation/BIRT/BIRT_movtiva/output/rasch/item-parameters.txt"
"estimate_person_parameter","gRm/R/item_parameters_values.R","source/PAS_skunits/skbias22.pas","GLLRM_output","pascal_harness/SourceRaschCore.pas","EmitGLLRMOutput4ParameterRows","Derived Item-Parameter Values","gRm/tests/testthat/test-item-parameters-extended-native.R","validation/BIRT/BIRT_movtiva/output/rasch/item-parameters.txt"
"initialize_person_parameter2","gRm/R/item_parameters_values.R","source/PAS_skunits/skbias22.pas","GLLRM_output","pascal_harness/SourceRaschCore.pas","EmitGLLRMOutput4ParameterRows","Derived Item-Parameter Values","gRm/tests/testthat/test-item-parameters-extended-native.R","validation/BIRT/BIRT_movtiva/output/rasch/item-parameters.txt"
"item_parameters_input_stats","gRm/R/item_parameters_values.R","source/PAS_skunits/skbias22.pas","GLLRM_output","pascal_harness/SourceRaschCore.pas","EmitGLLRMOutput4ParameterRows","Derived Item-Parameter Values","gRm/tests/testthat/test-item-parameters-extended-native.R","validation/BIRT/BIRT_movtiva/output/rasch/item-parameters.txt"
"item_parameters_values","gRm/R/item_parameters_values.R","source/PAS_skunits/skbias22.pas","GLLRM_output","pascal_harness/SourceRaschCore.pas","EmitGLLRMOutput4ParameterRows","Derived Item-Parameter Values","gRm/tests/testthat/test-item-parameters-extended-native.R","validation/BIRT/BIRT_movtiva/output/rasch/item-parameters.txt"
"ln_zero","gRm/R/item_parameters_values.R","source/PAS_skunits/skbias22.pas","GLLRM_output","pascal_harness/SourceRaschCore.pas","EmitGLLRMOutput4ParameterRows","Derived Item-Parameter Values","gRm/tests/testthat/test-item-parameters-extended-native.R","validation/BIRT/BIRT_movtiva/output/rasch/item-parameters.txt"
"score_probabilities_for_log_theta","gRm/R/item_parameters_values.R","source/PAS_skunits/skbias22.pas","GLLRM_output","pascal_harness/SourceRaschCore.pas","EmitGLLRMOutput4ParameterRows","Derived Item-Parameter Values","gRm/tests/testthat/test-item-parameters-extended-native.R","validation/BIRT/BIRT_movtiva/output/rasch/item-parameters.txt"
"source_difficulty_from_gamma","gRm/R/item_parameters_values.R","source/PAS_skunits/skbias22.pas","GLLRM_output","pascal_harness/SourceRaschCore.pas","EmitGLLRMOutput4ParameterRows","Derived Item-Parameter Values","gRm/tests/testthat/test-item-parameters-extended-native.R","validation/BIRT/BIRT_movtiva/output/rasch/item-parameters.txt"
"source_extended_native_capability","gRm/R/item_parameters_values.R","source/PAS_skunits/skbias22.pas","GLLRM_output","pascal_harness/SourceRaschCore.pas","EmitGLLRMOutput4ParameterRows","Derived Item-Parameter Values","gRm/tests/testthat/test-item-parameters-extended-native.R","validation/BIRT/BIRT_movtiva/output/rasch/item-parameters.txt"
"source_extended_top_ice_cancellation_field","gRm/R/item_parameters_values.R","source/PAS_skunits/skbias22.pas","GLLRM_output","pascal_harness/SourceRaschCore.pas","EmitGLLRMOutput4ParameterRows","Derived Item-Parameter Values","gRm/tests/testthat/test-item-parameters-extended-native.R","validation/BIRT/BIRT_movtiva/output/rasch/item-parameters.txt"
"source_item_information_from_gamma","gRm/R/item_parameters_values.R","source/PAS_skunits/skbias22.pas","GLLRM_output","pascal_harness/SourceRaschCore.pas","EmitGLLRMOutput4ParameterRows","Derived Item-Parameter Values","gRm/tests/testthat/test-item-parameters-extended-native.R","validation/BIRT/BIRT_movtiva/output/rasch/item-parameters.txt"
"source_item_parameters_extended_ice_fields","gRm/R/item_parameters_values.R","source/PAS_skunits/skbias22.pas","GLLRM_output","pascal_harness/SourceRaschCore.pas","EmitGLLRMOutput4ParameterRows","Derived Item-Parameter Values","gRm/tests/testthat/test-item-parameters-extended-native.R","validation/BIRT/BIRT_movtiva/output/rasch/item-parameters.txt"
"source_item_target","gRm/R/item_parameters_values.R","source/PAS_skunits/skbias22.pas","GLLRM_output","pascal_harness/SourceRaschCore.pas","EmitGLLRMOutput4ParameterRows","Derived Item-Parameter Values","gRm/tests/testthat/test-item-parameters-extended-native.R","validation/BIRT/BIRT_movtiva/output/rasch/item-parameters.txt"
"source_item_target_modes","gRm/R/item_parameters_values.R","source/PAS_skunits/skbias22.pas","GLLRM_output","pascal_harness/SourceRaschCore.pas","EmitGLLRMOutput4ParameterRows","Derived Item-Parameter Values","gRm/tests/testthat/test-item-parameters-extended-native.R","validation/BIRT/BIRT_movtiva/output/rasch/item-parameters.txt"
"source_location_from_gamma","gRm/R/item_parameters_values.R","source/PAS_skunits/skbias22.pas","GLLRM_output","pascal_harness/SourceRaschCore.pas","EmitGLLRMOutput4ParameterRows","Derived Item-Parameter Values","gRm/tests/testthat/test-item-parameters-extended-native.R","validation/BIRT/BIRT_movtiva/output/rasch/item-parameters.txt"
"source_threshold_from_gamma","gRm/R/item_parameters_values.R","source/PAS_skunits/skbias22.pas","GLLRM_output","pascal_harness/SourceRaschCore.pas","EmitGLLRMOutput4ParameterRows","Derived Item-Parameter Values","gRm/tests/testthat/test-item-parameters-extended-native.R","validation/BIRT/BIRT_movtiva/output/rasch/item-parameters.txt"
"source_top_ice_cancellation_zero","gRm/R/item_parameters_values.R","source/PAS_skunits/skbias22.pas","GLLRM_output","pascal_harness/SourceRaschCore.pas","EmitGLLRMOutput4ParameterRows","Derived Item-Parameter Values","gRm/tests/testthat/test-item-parameters-extended-native.R","validation/BIRT/BIRT_movtiva/output/rasch/item-parameters.txt"
"true_score_from_gamma","gRm/R/item_parameters_values.R","source/PAS_skunits/skbias22.pas","GLLRM_output","pascal_harness/SourceRaschCore.pas","EmitGLLRMOutput4ParameterRows","Derived Item-Parameter Values","gRm/tests/testthat/test-item-parameters-extended-native.R","validation/BIRT/BIRT_movtiva/output/rasch/item-parameters.txt"
"adjust_ld_gamma_source_reference_details","gRm/R/local_independence_values.R","source/PAS_scd/DGRirtD.pas","MissingLD","","","Local Independence Candidate Report","gRm/tests/testthat/test-local-independence-source-df.R","validation/BIRT/BIRT_movtiva/output/rasch/check-LID-extended.txt"
"build_local_independence_gamma_context","gRm/R/local_independence_values.R","source/PAS_scd/DGRirtD.pas","MissingLD","","","Local Independence Candidate Report","gRm/tests/testthat/test-local-independence-source-df.R","validation/BIRT/BIRT_movtiva/output/rasch/check-LID-extended.txt"
"gllrm_context_ld_index","gRm/R/local_independence_values.R","source/PAS_scd/DGRirtD.pas","MissingLD","","","Local Independence Candidate Report","gRm/tests/testthat/test-local-independence-source-df.R","validation/BIRT/BIRT_movtiva/output/rasch/check-LID-extended.txt"
"gllrm_ld_key","gRm/R/local_independence_values.R","source/PAS_scd/DGRirtD.pas","MissingLD","","","Local Independence Candidate Report","gRm/tests/testthat/test-local-independence-source-df.R","validation/BIRT/BIRT_movtiva/output/rasch/check-LID-extended.txt"
"gllrm_ld_lookup","gRm/R/local_independence_values.R","source/PAS_scd/DGRirtD.pas","MissingLD","","","Local Independence Candidate Report","gRm/tests/testthat/test-local-independence-source-df.R","validation/BIRT/BIRT_movtiva/output/rasch/check-LID-extended.txt"
"gllrm_li_candidates","gRm/R/local_independence_values.R","source/PAS_scd/DGRirtD.pas","MissingLD","","","Local Independence Candidate Report","gRm/tests/testthat/test-local-independence-source-df.R","validation/BIRT/BIRT_movtiva/output/rasch/check-LID-extended.txt"
"gllrm_local_independence_values","gRm/R/local_independence_values.R","source/PAS_scd/DGRirtD.pas","MissingLD","","","Local Independence Candidate Report","gRm/tests/testthat/test-local-independence-source-df.R","validation/BIRT/BIRT_movtiva/output/rasch/check-LID-extended.txt"
"local_independence_directed_gamma_counts","gRm/R/local_independence_values.R","source/PAS_scd/DGRirtD.pas","MissingLD","","","Local Independence Candidate Report","gRm/tests/testthat/test-local-independence-source-df.R","validation/BIRT/BIRT_movtiva/output/rasch/check-LID-extended.txt"
"local_independence_source_gamma_counts","gRm/R/local_independence_values.R","source/PAS_scd/DGRirtD.pas","MissingLD","","","Local Independence Candidate Report","gRm/tests/testthat/test-local-independence-source-df.R","validation/BIRT/BIRT_movtiva/output/rasch/check-LID-extended.txt"
"local_independence_values","gRm/R/local_independence_values.R","source/PAS_scd/DGRirtD.pas","MissingLD","","","Local Independence Candidate Report","gRm/tests/testthat/test-local-independence-source-df.R","validation/BIRT/BIRT_movtiva/output/rasch/check-LID-extended.txt"
"local_independence_wpg_gamma","gRm/R/local_independence_values.R","source/PAS_scd/DGRirtD.pas","MissingLD","","","Local Independence Candidate Report","gRm/tests/testthat/test-local-independence-source-df.R","validation/BIRT/BIRT_movtiva/output/rasch/check-LID-extended.txt"
"source_ij_observed_df","gRm/R/local_independence_values.R","source/PAS_scd/DGRirtD.pas","MissingLD","","","Local Independence Candidate Report","gRm/tests/testthat/test-local-independence-source-df.R","validation/BIRT/BIRT_movtiva/output/rasch/check-LID-extended.txt"
"m2_m3_bootstrap_bundle","gRm/R/m2_m3_bootstrap_generate.R","source/PAS_skunits/SKbias8.pas","Generate_GLLRM_boot_sample_with_exogene","pascal_harness/SourceRaschCore.pas","EmitConstrainedCM3Bootstrap","CM2/CM3 and M2/M3 Diagnostics","gRm/tests/testthat/test-m2-m3-bootstrap.R","pascal_harness/fixtures/SOURCE_FULL_RASCH_FLOW/RASCH_THREE_ITEM/GLLRMdata.txt"
"m2_m3_bootstrap_generate_group","gRm/R/m2_m3_bootstrap_generate.R","source/PAS_skunits/SKbias8.pas","Generate_GLLRM_boot_sample_with_exogene","pascal_harness/SourceRaschCore.pas","EmitConstrainedCM3Bootstrap","CM2/CM3 and M2/M3 Diagnostics","gRm/tests/testthat/test-m2-m3-bootstrap.R","pascal_harness/fixtures/SOURCE_FULL_RASCH_FLOW/RASCH_THREE_ITEM/GLLRMdata.txt"
"m2_m3_bootstrap_generate_sample","gRm/R/m2_m3_bootstrap_generate.R","source/PAS_skunits/SKbias8.pas","Generate_GLLRM_boot_sample_with_exogene","pascal_harness/SourceRaschCore.pas","EmitConstrainedCM3Bootstrap","CM2/CM3 and M2/M3 Diagnostics","gRm/tests/testthat/test-m2-m3-bootstrap.R","pascal_harness/fixtures/SOURCE_FULL_RASCH_FLOW/RASCH_THREE_ITEM/GLLRMdata.txt"
"m2_m3_bootstrap_weighted_index","gRm/R/m2_m3_bootstrap_generate.R","source/PAS_skunits/SKbias8.pas","Generate_GLLRM_boot_sample_with_exogene","pascal_harness/SourceRaschCore.pas","EmitConstrainedCM3Bootstrap","CM2/CM3 and M2/M3 Diagnostics","gRm/tests/testthat/test-m2-m3-bootstrap.R","pascal_harness/fixtures/SOURCE_FULL_RASCH_FLOW/RASCH_THREE_ITEM/GLLRMdata.txt"
"m2_m3_apply_parametric_bootstrap","gRm/R/m2_m3_bootstrap_run.R","source/PAS_skunits/SKbias8.pas","Generate_GLLRM_boot_sample_with_exogene","pascal_harness/SourceRaschCore.pas","EmitConstrainedCM3Bootstrap","CM2/CM3 and M2/M3 Diagnostics","gRm/tests/testthat/test-m2-m3-bootstrap.R","pascal_harness/fixtures/SOURCE_FULL_RASCH_FLOW/RASCH_THREE_ITEM/GLLRMdata.txt"
"m2_m3_bootstrap_replicate","gRm/R/m2_m3_bootstrap_run.R","source/PAS_skunits/SKbias8.pas","Generate_GLLRM_boot_sample_with_exogene","pascal_harness/SourceRaschCore.pas","EmitConstrainedCM3Bootstrap","CM2/CM3 and M2/M3 Diagnostics","gRm/tests/testthat/test-m2-m3-bootstrap.R","pascal_harness/fixtures/SOURCE_FULL_RASCH_FLOW/RASCH_THREE_ITEM/GLLRMdata.txt"
"m2_m3_attach_bootstrap_summaries","gRm/R/m2_m3_bootstrap_summary.R","source/PAS_skunits/SKbias8.pas","Generate_GLLRM_boot_sample_with_exogene","pascal_harness/SourceRaschCore.pas","EmitConstrainedCM3Bootstrap","CM2/CM3 and M2/M3 Diagnostics","gRm/tests/testthat/test-m2-m3-bootstrap.R","pascal_harness/fixtures/SOURCE_FULL_RASCH_FLOW/RASCH_THREE_ITEM/GLLRMdata.txt"
"m2_m3_bootstrap_aggregate_rows","gRm/R/m2_m3_bootstrap_summary.R","source/PAS_skunits/SKbias8.pas","Generate_GLLRM_boot_sample_with_exogene","pascal_harness/SourceRaschCore.pas","EmitConstrainedCM3Bootstrap","CM2/CM3 and M2/M3 Diagnostics","gRm/tests/testthat/test-m2-m3-bootstrap.R","pascal_harness/fixtures/SOURCE_FULL_RASCH_FLOW/RASCH_THREE_ITEM/GLLRMdata.txt"
"m2_m3_bootstrap_analyze","gRm/R/m2_m3_bootstrap_summary.R","source/PAS_skunits/SKbias8.pas","Generate_GLLRM_boot_sample_with_exogene","pascal_harness/SourceRaschCore.pas","EmitConstrainedCM3Bootstrap","CM2/CM3 and M2/M3 Diagnostics","gRm/tests/testthat/test-m2-m3-bootstrap.R","pascal_harness/fixtures/SOURCE_FULL_RASCH_FLOW/RASCH_THREE_ITEM/GLLRMdata.txt"
"m2_m3_bootstrap_summarize_rows","gRm/R/m2_m3_bootstrap_summary.R","source/PAS_skunits/SKbias8.pas","Generate_GLLRM_boot_sample_with_exogene","pascal_harness/SourceRaschCore.pas","EmitConstrainedCM3Bootstrap","CM2/CM3 and M2/M3 Diagnostics","gRm/tests/testthat/test-m2-m3-bootstrap.R","pascal_harness/fixtures/SOURCE_FULL_RASCH_FLOW/RASCH_THREE_ITEM/GLLRMdata.txt"
"m2_m3_bootstrap_capability","gRm/R/m2_m3_bootstrap.R","source/PAS_skunits/SKbias8.pas","Generate_GLLRM_boot_sample_with_exogene","pascal_harness/SourceRaschCore.pas","EmitConstrainedCM3Bootstrap","CM2/CM3 and M2/M3 Diagnostics","gRm/tests/testthat/test-m2-m3-bootstrap.R","pascal_harness/fixtures/SOURCE_FULL_RASCH_FLOW/RASCH_THREE_ITEM/GLLRMdata.txt"
"m2_m3_bootstrap_groups","gRm/R/m2_m3_bootstrap.R","source/PAS_skunits/SKbias8.pas","Generate_GLLRM_boot_sample_with_exogene","pascal_harness/SourceRaschCore.pas","EmitConstrainedCM3Bootstrap","CM2/CM3 and M2/M3 Diagnostics","gRm/tests/testthat/test-m2-m3-bootstrap.R","pascal_harness/fixtures/SOURCE_FULL_RASCH_FLOW/RASCH_THREE_ITEM/GLLRMdata.txt"
"new_m2_m3_bootstrap_distribution_cache","gRm/R/m2_m3_bootstrap.R","source/PAS_skunits/SKbias8.pas","Generate_GLLRM_boot_sample_with_exogene","pascal_harness/SourceRaschCore.pas","EmitConstrainedCM3Bootstrap","CM2/CM3 and M2/M3 Diagnostics","gRm/tests/testthat/test-m2-m3-bootstrap.R","pascal_harness/fixtures/SOURCE_FULL_RASCH_FLOW/RASCH_THREE_ITEM/GLLRMdata.txt"
"new_m2_m3_bootstrap_rng","gRm/R/m2_m3_bootstrap.R","source/PAS_skunits/SKbias8.pas","Generate_GLLRM_boot_sample_with_exogene","pascal_harness/SourceRaschCore.pas","EmitConstrainedCM3Bootstrap","CM2/CM3 and M2/M3 Diagnostics","gRm/tests/testthat/test-m2-m3-bootstrap.R","pascal_harness/fixtures/SOURCE_FULL_RASCH_FLOW/RASCH_THREE_ITEM/GLLRMdata.txt"
"normalize_m2_m3_bootstrap_control","gRm/R/m2_m3_bootstrap.R","source/PAS_skunits/SKbias8.pas","Generate_GLLRM_boot_sample_with_exogene","pascal_harness/SourceRaschCore.pas","EmitConstrainedCM3Bootstrap","CM2/CM3 and M2/M3 Diagnostics","gRm/tests/testthat/test-m2-m3-bootstrap.R","pascal_harness/fixtures/SOURCE_FULL_RASCH_FLOW/RASCH_THREE_ITEM/GLLRMdata.txt"
"m2_m3_background_labels","gRm/R/m2_m3_counts.R","source/PAS_skunits/skbias14.pas","CM3_analysis","pascal_harness/SourceRaschCore.pas","EmitCM3Preparation","CM2/CM3 and M2/M3 Diagnostics","gRm/tests/testthat/test-m2-m3-counts.R","validation/MULTIEXO_DIF/output/rasch/cm3.txt"
"m2_m3_background_raw_max","gRm/R/m2_m3_counts.R","source/PAS_skunits/skbias14.pas","CM3_analysis","pascal_harness/SourceRaschCore.pas","EmitCM3Preparation","CM2/CM3 and M2/M3 Diagnostics","gRm/tests/testthat/test-m2-m3-counts.R","validation/MULTIEXO_DIF/output/rasch/cm3.txt"
"m2_m3_count_item_exogenous","gRm/R/m2_m3_counts.R","source/PAS_skunits/skbias14.pas","CM3_analysis","pascal_harness/SourceRaschCore.pas","EmitCM3Preparation","CM2/CM3 and M2/M3 Diagnostics","gRm/tests/testthat/test-m2-m3-counts.R","validation/MULTIEXO_DIF/output/rasch/cm3.txt"
"m2_m3_count_item_exogenous_exogenous","gRm/R/m2_m3_counts.R","source/PAS_skunits/skbias14.pas","CM3_analysis","pascal_harness/SourceRaschCore.pas","EmitCM3Preparation","CM2/CM3 and M2/M3 Diagnostics","gRm/tests/testthat/test-m2-m3-counts.R","validation/MULTIEXO_DIF/output/rasch/cm3.txt"
"m2_m3_count_item_exogenous_score_group","gRm/R/m2_m3_counts.R","source/PAS_skunits/skbias14.pas","CM3_analysis","pascal_harness/SourceRaschCore.pas","EmitCM3Preparation","CM2/CM3 and M2/M3 Diagnostics","gRm/tests/testthat/test-m2-m3-counts.R","validation/MULTIEXO_DIF/output/rasch/cm3.txt"
"m2_m3_count_item_item","gRm/R/m2_m3_counts.R","source/PAS_skunits/skbias14.pas","CM3_analysis","pascal_harness/SourceRaschCore.pas","EmitCM3Preparation","CM2/CM3 and M2/M3 Diagnostics","gRm/tests/testthat/test-m2-m3-counts.R","validation/MULTIEXO_DIF/output/rasch/cm3.txt"
"m2_m3_count_item_item_exogenous","gRm/R/m2_m3_counts.R","source/PAS_skunits/skbias14.pas","CM3_analysis","pascal_harness/SourceRaschCore.pas","EmitCM3Preparation","CM2/CM3 and M2/M3 Diagnostics","gRm/tests/testthat/test-m2-m3-counts.R","validation/MULTIEXO_DIF/output/rasch/cm3.txt"
"m2_m3_count_item_item_item","gRm/R/m2_m3_counts.R","source/PAS_skunits/skbias14.pas","CM3_analysis","pascal_harness/SourceRaschCore.pas","EmitCM3Preparation","CM2/CM3 and M2/M3 Diagnostics","gRm/tests/testthat/test-m2-m3-counts.R","validation/MULTIEXO_DIF/output/rasch/cm3.txt"
"m2_m3_count_item_item_score_group","gRm/R/m2_m3_counts.R","source/PAS_skunits/skbias14.pas","CM3_analysis","pascal_harness/SourceRaschCore.pas","EmitCM3Preparation","CM2/CM3 and M2/M3 Diagnostics","gRm/tests/testthat/test-m2-m3-counts.R","validation/MULTIEXO_DIF/output/rasch/cm3.txt"
"m2_m3_count_item_score_group","gRm/R/m2_m3_counts.R","source/PAS_skunits/skbias14.pas","CM3_analysis","pascal_harness/SourceRaschCore.pas","EmitCM3Preparation","CM2/CM3 and M2/M3 Diagnostics","gRm/tests/testthat/test-m2-m3-counts.R","validation/MULTIEXO_DIF/output/rasch/cm3.txt"
"m2_m3_count_observed","gRm/R/m2_m3_counts.R","source/PAS_skunits/skbias14.pas","CM3_analysis","pascal_harness/SourceRaschCore.pas","EmitCM3Preparation","CM2/CM3 and M2/M3 Diagnostics","gRm/tests/testthat/test-m2-m3-counts.R","validation/MULTIEXO_DIF/output/rasch/cm3.txt"
"m2_m3_fill_observed","gRm/R/m2_m3_counts.R","source/PAS_skunits/skbias14.pas","CM3_analysis","pascal_harness/SourceRaschCore.pas","EmitCM3Preparation","CM2/CM3 and M2/M3 Diagnostics","gRm/tests/testthat/test-m2-m3-counts.R","validation/MULTIEXO_DIF/output/rasch/cm3.txt"
"m2_m3_item_labels","gRm/R/m2_m3_counts.R","source/PAS_skunits/skbias14.pas","CM3_analysis","pascal_harness/SourceRaschCore.pas","EmitCM3Preparation","CM2/CM3 and M2/M3 Diagnostics","gRm/tests/testthat/test-m2-m3-counts.R","validation/MULTIEXO_DIF/output/rasch/cm3.txt"
"m2_m3_item_raw_max","gRm/R/m2_m3_counts.R","source/PAS_skunits/skbias14.pas","CM3_analysis","pascal_harness/SourceRaschCore.pas","EmitCM3Preparation","CM2/CM3 and M2/M3 Diagnostics","gRm/tests/testthat/test-m2-m3-counts.R","validation/MULTIEXO_DIF/output/rasch/cm3.txt"
"m2_m3_lookup_scores","gRm/R/m2_m3_counts.R","source/PAS_skunits/skbias14.pas","CM3_analysis","pascal_harness/SourceRaschCore.pas","EmitCM3Preparation","CM2/CM3 and M2/M3 Diagnostics","gRm/tests/testthat/test-m2-m3-counts.R","validation/MULTIEXO_DIF/output/rasch/cm3.txt"
"m2_m3_score_group_count","gRm/R/m2_m3_counts.R","source/PAS_skunits/skbias14.pas","CM3_analysis","pascal_harness/SourceRaschCore.pas","EmitCM3Preparation","CM2/CM3 and M2/M3 Diagnostics","gRm/tests/testthat/test-m2-m3-counts.R","validation/MULTIEXO_DIF/output/rasch/cm3.txt"
"m2_m3_score_group_labels","gRm/R/m2_m3_counts.R","source/PAS_skunits/skbias14.pas","CM3_analysis","pascal_harness/SourceRaschCore.pas","EmitCM3Preparation","CM2/CM3 and M2/M3 Diagnostics","gRm/tests/testthat/test-m2-m3-counts.R","validation/MULTIEXO_DIF/output/rasch/cm3.txt"
"m2_m3_score_group_lookup","gRm/R/m2_m3_counts.R","source/PAS_skunits/skbias14.pas","CM3_analysis","pascal_harness/SourceRaschCore.pas","EmitCM3Preparation","CM2/CM3 and M2/M3 Diagnostics","gRm/tests/testthat/test-m2-m3-counts.R","validation/MULTIEXO_DIF/output/rasch/cm3.txt"
"m2_m3_add_expected_probabilities","gRm/R/m2_m3_expected.R","source/PAS_skunits/SKbias2.pas","calculate_expected_IJ_table","pascal_harness/SourceRaschCore.pas","EmitCM3Preparation","CM2/CM3 and M2/M3 Diagnostics","gRm/tests/testthat/test-m2-m3-expected.R","validation/MULTIEXO_DIF/output/rasch/cm3.txt"
"m2_m3_calculate_focus_probabilities","gRm/R/m2_m3_expected.R","source/PAS_skunits/SKbias2.pas","calculate_expected_IJ_table","pascal_harness/SourceRaschCore.pas","EmitCM3Preparation","CM2/CM3 and M2/M3 Diagnostics","gRm/tests/testthat/test-m2-m3-expected.R","validation/MULTIEXO_DIF/output/rasch/cm3.txt"
"m2_m3_convolve_component_gammas","gRm/R/m2_m3_expected.R","source/PAS_skunits/SKbias2.pas","calculate_expected_IJ_table","pascal_harness/SourceRaschCore.pas","EmitCM3Preparation","CM2/CM3 and M2/M3 Diagnostics","gRm/tests/testthat/test-m2-m3-expected.R","validation/MULTIEXO_DIF/output/rasch/cm3.txt"
"m2_m3_expected_focus_table","gRm/R/m2_m3_expected.R","source/PAS_skunits/SKbias2.pas","calculate_expected_IJ_table","pascal_harness/SourceRaschCore.pas","EmitCM3Preparation","CM2/CM3 and M2/M3 Diagnostics","gRm/tests/testthat/test-m2-m3-expected.R","validation/MULTIEXO_DIF/output/rasch/cm3.txt"
"m2_m3_expected_item_exogenous","gRm/R/m2_m3_expected.R","source/PAS_skunits/SKbias2.pas","calculate_expected_IJ_table","pascal_harness/SourceRaschCore.pas","EmitCM3Preparation","CM2/CM3 and M2/M3 Diagnostics","gRm/tests/testthat/test-m2-m3-expected.R","validation/MULTIEXO_DIF/output/rasch/cm3.txt"
"m2_m3_expected_item_exogenous_exogenous","gRm/R/m2_m3_expected.R","source/PAS_skunits/SKbias2.pas","calculate_expected_IJ_table","pascal_harness/SourceRaschCore.pas","EmitCM3Preparation","CM2/CM3 and M2/M3 Diagnostics","gRm/tests/testthat/test-m2-m3-expected.R","validation/MULTIEXO_DIF/output/rasch/cm3.txt"
"m2_m3_expected_item_exogenous_score_group","gRm/R/m2_m3_expected.R","source/PAS_skunits/SKbias2.pas","calculate_expected_IJ_table","pascal_harness/SourceRaschCore.pas","EmitCM3Preparation","CM2/CM3 and M2/M3 Diagnostics","gRm/tests/testthat/test-m2-m3-expected.R","validation/MULTIEXO_DIF/output/rasch/cm3.txt"
"m2_m3_expected_item_item","gRm/R/m2_m3_expected.R","source/PAS_skunits/SKbias2.pas","calculate_expected_IJ_table","pascal_harness/SourceRaschCore.pas","EmitCM3Preparation","CM2/CM3 and M2/M3 Diagnostics","gRm/tests/testthat/test-m2-m3-expected.R","validation/MULTIEXO_DIF/output/rasch/cm3.txt"
"m2_m3_expected_item_item_exogenous","gRm/R/m2_m3_expected.R","source/PAS_skunits/SKbias2.pas","calculate_expected_IJ_table","pascal_harness/SourceRaschCore.pas","EmitCM3Preparation","CM2/CM3 and M2/M3 Diagnostics","gRm/tests/testthat/test-m2-m3-expected.R","validation/MULTIEXO_DIF/output/rasch/cm3.txt"
"m2_m3_expected_item_item_item","gRm/R/m2_m3_expected.R","source/PAS_skunits/SKbias2.pas","calculate_expected_IJ_table","pascal_harness/SourceRaschCore.pas","EmitCM3Preparation","CM2/CM3 and M2/M3 Diagnostics","gRm/tests/testthat/test-m2-m3-expected.R","validation/MULTIEXO_DIF/output/rasch/cm3.txt"
"m2_m3_expected_item_item_score_group","gRm/R/m2_m3_expected.R","source/PAS_skunits/SKbias2.pas","calculate_expected_IJ_table","pascal_harness/SourceRaschCore.pas","EmitCM3Preparation","CM2/CM3 and M2/M3 Diagnostics","gRm/tests/testthat/test-m2-m3-expected.R","validation/MULTIEXO_DIF/output/rasch/cm3.txt"
"m2_m3_expected_item_score_group","gRm/R/m2_m3_expected.R","source/PAS_skunits/SKbias2.pas","calculate_expected_IJ_table","pascal_harness/SourceRaschCore.pas","EmitCM3Preparation","CM2/CM3 and M2/M3 Diagnostics","gRm/tests/testthat/test-m2-m3-expected.R","validation/MULTIEXO_DIF/output/rasch/cm3.txt"
"m2_m3_expected_table","gRm/R/m2_m3_expected.R","source/PAS_skunits/SKbias2.pas","calculate_expected_IJ_table","pascal_harness/SourceRaschCore.pas","EmitCM3Preparation","CM2/CM3 and M2/M3 Diagnostics","gRm/tests/testthat/test-m2-m3-expected.R","validation/MULTIEXO_DIF/output/rasch/cm3.txt"
"m2_m3_focus_cache_key","gRm/R/m2_m3_expected.R","source/PAS_skunits/SKbias2.pas","calculate_expected_IJ_table","pascal_harness/SourceRaschCore.pas","EmitCM3Preparation","CM2/CM3 and M2/M3 Diagnostics","gRm/tests/testthat/test-m2-m3-expected.R","validation/MULTIEXO_DIF/output/rasch/cm3.txt"
"m2_m3_focus_component_blocks","gRm/R/m2_m3_expected.R","source/PAS_skunits/SKbias2.pas","calculate_expected_IJ_table","pascal_harness/SourceRaschCore.pas","EmitCM3Preparation","CM2/CM3 and M2/M3 Diagnostics","gRm/tests/testthat/test-m2-m3-expected.R","validation/MULTIEXO_DIF/output/rasch/cm3.txt"
"m2_m3_focus_probabilities","gRm/R/m2_m3_expected.R","source/PAS_skunits/SKbias2.pas","calculate_expected_IJ_table","pascal_harness/SourceRaschCore.pas","EmitCM3Preparation","CM2/CM3 and M2/M3 Diagnostics","gRm/tests/testthat/test-m2-m3-expected.R","validation/MULTIEXO_DIF/output/rasch/cm3.txt"
"m2_m3_source_score_background_groups","gRm/R/m2_m3_expected.R","source/PAS_skunits/SKbias2.pas","calculate_expected_IJ_table","pascal_harness/SourceRaschCore.pas","EmitCM3Preparation","CM2/CM3 and M2/M3 Diagnostics","gRm/tests/testthat/test-m2-m3-expected.R","validation/MULTIEXO_DIF/output/rasch/cm3.txt"
"new_m2_m3_focus_probability_cache","gRm/R/m2_m3_expected.R","source/PAS_skunits/SKbias2.pas","calculate_expected_IJ_table","pascal_harness/SourceRaschCore.pas","EmitCM3Preparation","CM2/CM3 and M2/M3 Diagnostics","gRm/tests/testthat/test-m2-m3-expected.R","validation/MULTIEXO_DIF/output/rasch/cm3.txt"
"m2_m3_context_backgrounds","gRm/R/m2_m3_specs.R","source/PAS_skunits/skbias14.pas","Prepare_CM3tests","pascal_harness/SourceRaschCore.pas","EmitCM3Preparation","CM2/CM3 and M2/M3 Diagnostics","gRm/tests/testthat/test-m2-m3-specs.R","validation/MULTIEXO_DIF/output/rasch/cm3.txt"
"m2_m3_context_items","gRm/R/m2_m3_specs.R","source/PAS_skunits/skbias14.pas","Prepare_CM3tests","pascal_harness/SourceRaschCore.pas","EmitCM3Preparation","CM2/CM3 and M2/M3 Diagnostics","gRm/tests/testthat/test-m2-m3-specs.R","validation/MULTIEXO_DIF/output/rasch/cm3.txt"
"m2_m3_included_dif_lookup","gRm/R/m2_m3_specs.R","source/PAS_skunits/skbias14.pas","Prepare_CM3tests","pascal_harness/SourceRaschCore.pas","EmitCM3Preparation","CM2/CM3 and M2/M3 Diagnostics","gRm/tests/testthat/test-m2-m3-specs.R","validation/MULTIEXO_DIF/output/rasch/cm3.txt"
"m2_m3_included_ld_lookup","gRm/R/m2_m3_specs.R","source/PAS_skunits/skbias14.pas","Prepare_CM3tests","pascal_harness/SourceRaschCore.pas","EmitCM3Preparation","CM2/CM3 and M2/M3 Diagnostics","gRm/tests/testthat/test-m2-m3-specs.R","validation/MULTIEXO_DIF/output/rasch/cm3.txt"
"m2_m3_margin_label","gRm/R/m2_m3_specs.R","source/PAS_skunits/skbias14.pas","Prepare_CM3tests","pascal_harness/SourceRaschCore.pas","EmitCM3Preparation","CM2/CM3 and M2/M3 Diagnostics","gRm/tests/testthat/test-m2-m3-specs.R","validation/MULTIEXO_DIF/output/rasch/cm3.txt"
"m2_m3_margin_name","gRm/R/m2_m3_specs.R","source/PAS_skunits/skbias14.pas","Prepare_CM3tests","pascal_harness/SourceRaschCore.pas","EmitCM3Preparation","CM2/CM3 and M2/M3 Diagnostics","gRm/tests/testthat/test-m2-m3-specs.R","validation/MULTIEXO_DIF/output/rasch/cm3.txt"
"m2_m3_margin_public_variables","gRm/R/m2_m3_specs.R","source/PAS_skunits/skbias14.pas","Prepare_CM3tests","pascal_harness/SourceRaschCore.pas","EmitCM3Preparation","CM2/CM3 and M2/M3 Diagnostics","gRm/tests/testthat/test-m2-m3-specs.R","validation/MULTIEXO_DIF/output/rasch/cm3.txt"
"m2_m3_margin_string","gRm/R/m2_m3_specs.R","source/PAS_skunits/skbias14.pas","Prepare_CM3tests","pascal_harness/SourceRaschCore.pas","EmitCM3Preparation","CM2/CM3 and M2/M3 Diagnostics","gRm/tests/testthat/test-m2-m3-specs.R","validation/MULTIEXO_DIF/output/rasch/cm3.txt"
"m2_m3_margin_variables","gRm/R/m2_m3_specs.R","source/PAS_skunits/skbias14.pas","Prepare_CM3tests","pascal_harness/SourceRaschCore.pas","EmitCM3Preparation","CM2/CM3 and M2/M3 Diagnostics","gRm/tests/testthat/test-m2-m3-specs.R","validation/MULTIEXO_DIF/output/rasch/cm3.txt"
"m2_m3_prepare_margins","gRm/R/m2_m3_specs.R","source/PAS_skunits/skbias14.pas","Prepare_CM3tests","pascal_harness/SourceRaschCore.pas","EmitCM3Preparation","CM2/CM3 and M2/M3 Diagnostics","gRm/tests/testthat/test-m2-m3-specs.R","validation/MULTIEXO_DIF/output/rasch/cm3.txt"
"m2_m3_selected_items","gRm/R/m2_m3_specs.R","source/PAS_skunits/skbias14.pas","Prepare_CM3tests","pascal_harness/SourceRaschCore.pas","EmitCM3Preparation","CM2/CM3 and M2/M3 Diagnostics","gRm/tests/testthat/test-m2-m3-specs.R","validation/MULTIEXO_DIF/output/rasch/cm3.txt"
"m2_m3_spec","gRm/R/m2_m3_specs.R","source/PAS_skunits/skbias14.pas","Prepare_CM3tests","pascal_harness/SourceRaschCore.pas","EmitCM3Preparation","CM2/CM3 and M2/M3 Diagnostics","gRm/tests/testthat/test-m2-m3-specs.R","validation/MULTIEXO_DIF/output/rasch/cm3.txt"
"m2_m3_variable_labels","gRm/R/m2_m3_specs.R","source/PAS_skunits/skbias14.pas","Prepare_CM3tests","pascal_harness/SourceRaschCore.pas","EmitCM3Preparation","CM2/CM3 and M2/M3 Diagnostics","gRm/tests/testthat/test-m2-m3-specs.R","validation/MULTIEXO_DIF/output/rasch/cm3.txt"
"m2_m3_aggregate_row","gRm/R/m2_m3_values.R","source/PAS_skunits/skbias14.pas","CM3_analysis","pascal_harness/SourceRaschCore.pas","EmitCM3Preparation","CM2/CM3 and M2/M3 Diagnostics","gRm/tests/testthat/test-m2-m3-values.R","validation/MULTIEXO_DIF/output/rasch/cm3.txt"
"m2_m3_aggregate_values","gRm/R/m2_m3_values.R","source/PAS_skunits/skbias14.pas","CM3_analysis","pascal_harness/SourceRaschCore.pas","EmitCM3Preparation","CM2/CM3 and M2/M3 Diagnostics","gRm/tests/testthat/test-m2-m3-values.R","validation/MULTIEXO_DIF/output/rasch/cm3.txt"
"m2_m3_analyze_margin","gRm/R/m2_m3_values.R","source/PAS_skunits/skbias14.pas","CM3_analysis","pascal_harness/SourceRaschCore.pas","EmitCM3Preparation","CM2/CM3 and M2/M3 Diagnostics","gRm/tests/testthat/test-m2-m3-values.R","validation/MULTIEXO_DIF/output/rasch/cm3.txt"
"m2_m3_df_three_way","gRm/R/m2_m3_values.R","source/PAS_skunits/skbias14.pas","CM3_analysis","pascal_harness/SourceRaschCore.pas","EmitCM3Preparation","CM2/CM3 and M2/M3 Diagnostics","gRm/tests/testthat/test-m2-m3-values.R","validation/MULTIEXO_DIF/output/rasch/cm3.txt"
"m2_m3_df_two_way","gRm/R/m2_m3_values.R","source/PAS_skunits/skbias14.pas","CM3_analysis","pascal_harness/SourceRaschCore.pas","EmitCM3Preparation","CM2/CM3 and M2/M3 Diagnostics","gRm/tests/testthat/test-m2-m3-values.R","validation/MULTIEXO_DIF/output/rasch/cm3.txt"
"m2_m3_fit_context_state","gRm/R/m2_m3_values.R","source/PAS_skunits/skbias14.pas","CM3_analysis","pascal_harness/SourceRaschCore.pas","EmitCM3Preparation","CM2/CM3 and M2/M3 Diagnostics","gRm/tests/testthat/test-m2-m3-values.R","validation/MULTIEXO_DIF/output/rasch/cm3.txt"
"m2_m3_invariance_rows","gRm/R/m2_m3_values.R","source/PAS_skunits/skbias14.pas","CM3_analysis","pascal_harness/SourceRaschCore.pas","EmitCM3Preparation","CM2/CM3 and M2/M3 Diagnostics","gRm/tests/testthat/test-m2-m3-values.R","validation/MULTIEXO_DIF/output/rasch/cm3.txt"
"m2_m3_margin_metadata","gRm/R/m2_m3_values.R","source/PAS_skunits/skbias14.pas","CM3_analysis","pascal_harness/SourceRaschCore.pas","EmitCM3Preparation","CM2/CM3 and M2/M3 Diagnostics","gRm/tests/testthat/test-m2-m3-values.R","validation/MULTIEXO_DIF/output/rasch/cm3.txt"
"m2_m3_nth_character","gRm/R/m2_m3_values.R","source/PAS_skunits/skbias14.pas","CM3_analysis","pascal_harness/SourceRaschCore.pas","EmitCM3Preparation","CM2/CM3 and M2/M3 Diagnostics","gRm/tests/testthat/test-m2-m3-values.R","validation/MULTIEXO_DIF/output/rasch/cm3.txt"
"m2_m3_pearson_stat","gRm/R/m2_m3_values.R","source/PAS_skunits/skbias14.pas","CM3_analysis","pascal_harness/SourceRaschCore.pas","EmitCM3Preparation","CM2/CM3 and M2/M3 Diagnostics","gRm/tests/testthat/test-m2-m3-values.R","validation/MULTIEXO_DIF/output/rasch/cm3.txt"
"m2_m3_public_margin_table","gRm/R/m2_m3_values.R","source/PAS_skunits/skbias14.pas","CM3_analysis","pascal_harness/SourceRaschCore.pas","EmitCM3Preparation","CM2/CM3 and M2/M3 Diagnostics","gRm/tests/testthat/test-m2-m3-values.R","validation/MULTIEXO_DIF/output/rasch/cm3.txt"
"m2_m3_selected_item_table","gRm/R/m2_m3_values.R","source/PAS_skunits/skbias14.pas","CM3_analysis","pascal_harness/SourceRaschCore.pas","EmitCM3Preparation","CM2/CM3 and M2/M3 Diagnostics","gRm/tests/testthat/test-m2-m3-values.R","validation/MULTIEXO_DIF/output/rasch/cm3.txt"
"m2_m3_values","gRm/R/m2_m3_values.R","source/PAS_skunits/skbias14.pas","CM3_analysis","pascal_harness/SourceRaschCore.pas","EmitCM3Preparation","CM2/CM3 and M2/M3 Diagnostics","gRm/tests/testthat/test-m2-m3-values.R","validation/MULTIEXO_DIF/output/rasch/cm3.txt"
"m2_values","gRm/R/m2_m3_values.R","source/PAS_skunits/skbias14.pas","CM3_analysis","pascal_harness/SourceRaschCore.pas","EmitCM3Preparation","CM2/CM3 and M2/M3 Diagnostics","gRm/tests/testthat/test-m2-m3-values.R","validation/MULTIEXO_DIF/output/rasch/cm3.txt"
"m3_values","gRm/R/m2_m3_values.R","source/PAS_skunits/skbias14.pas","CM3_analysis","pascal_harness/SourceRaschCore.pas","EmitCM3Preparation","CM2/CM3 and M2/M3 Diagnostics","gRm/tests/testthat/test-m2-m3-values.R","validation/MULTIEXO_DIF/output/rasch/cm3.txt"
"adjust_item_gammas_source_scale","gRm/R/rasch_base_fit.R","source/PAS_skunits/skbias12b.pas","Estimate_GLLRM","pascal_harness/SourceRaschCore.pas","EstimateBaseRaschParameters","Base Rasch Estimation","gRm/tests/testthat/test-gllrm-fit.R","validation/BIRT/BIRT_movtiva/output/rasch/item-parameters.txt"
"build_gamma_excluding_item","gRm/R/rasch_base_fit.R","source/PAS_skunits/skbias12b.pas","Estimate_GLLRM","pascal_harness/SourceRaschCore.pas","EstimateBaseRaschParameters","Base Rasch Estimation","gRm/tests/testthat/test-gllrm-fit.R","validation/BIRT/BIRT_movtiva/output/rasch/item-parameters.txt"
"build_source_score_gamma","gRm/R/rasch_base_fit.R","source/PAS_skunits/skbias12b.pas","Estimate_GLLRM","pascal_harness/SourceRaschCore.pas","EstimateBaseRaschParameters","Base Rasch Estimation","gRm/tests/testthat/test-gllrm-fit.R","validation/BIRT/BIRT_movtiva/output/rasch/item-parameters.txt"
"calculate_rasch_expected_items","gRm/R/rasch_base_fit.R","source/PAS_skunits/skbias12b.pas","Estimate_GLLRM","pascal_harness/SourceRaschCore.pas","EstimateBaseRaschParameters","Base Rasch Estimation","gRm/tests/testthat/test-gllrm-fit.R","validation/BIRT/BIRT_movtiva/output/rasch/item-parameters.txt"
"calculate_rasch_update_ratios","gRm/R/rasch_base_fit.R","source/PAS_skunits/skbias12b.pas","Estimate_GLLRM","pascal_harness/SourceRaschCore.pas","EstimateBaseRaschParameters","Base Rasch Estimation","gRm/tests/testthat/test-gllrm-fit.R","validation/BIRT/BIRT_movtiva/output/rasch/item-parameters.txt"
"fit_rasch_base","gRm/R/rasch_base_fit.R","source/PAS_skunits/skbias12b.pas","Estimate_GLLRM","pascal_harness/SourceRaschCore.pas","EstimateBaseRaschParameters","Base Rasch Estimation","gRm/tests/testthat/test-gllrm-fit.R","validation/BIRT/BIRT_movtiva/output/rasch/item-parameters.txt"
"initial_item_gamma","gRm/R/rasch_base_fit.R","source/PAS_skunits/skbias12b.pas","Estimate_GLLRM","pascal_harness/SourceRaschCore.pas","EstimateBaseRaschParameters","Base Rasch Estimation","gRm/tests/testthat/test-gllrm-fit.R","validation/BIRT/BIRT_movtiva/output/rasch/item-parameters.txt"
"rasch_counts","gRm/R/rasch_base_fit.R","source/PAS_skunits/skbias12b.pas","Estimate_GLLRM","pascal_harness/SourceRaschCore.pas","EstimateBaseRaschParameters","Base Rasch Estimation","gRm/tests/testthat/test-gllrm-fit.R","validation/BIRT/BIRT_movtiva/output/rasch/item-parameters.txt"
"screen_j_conditional_bias_test","gRm/R/screen_j_conditional.R","source/PAS_skunits/SKbias7.pas","Item_Screening","pascal_harness/SCREEN_EXACT_TRAJECTORY.pas","RunTrajectory","SCREEN J Item Screening","gRm/tests/testthat/test-screen-j-exact-native-parity.R","validation/BIRT/BIRT_movtiva/output/screen-exact.txt"
"screen_j_conditional_bias_test_native","gRm/R/screen_j_conditional.R","source/PAS_skunits/SKbias7.pas","Item_Screening","pascal_harness/SCREEN_EXACT_TRAJECTORY.pas","RunTrajectory","SCREEN J Item Screening","gRm/tests/testthat/test-screen-j-exact-native-parity.R","validation/BIRT/BIRT_movtiva/output/screen-exact.txt"
"screen_j_conditional_empty_result","gRm/R/screen_j_conditional.R","source/PAS_skunits/SKbias7.pas","Item_Screening","pascal_harness/SCREEN_EXACT_TRAJECTORY.pas","RunTrajectory","SCREEN J Item Screening","gRm/tests/testthat/test-screen-j-exact-native-parity.R","validation/BIRT/BIRT_movtiva/output/screen-exact.txt"
"screen_j_conditional_exact_results","gRm/R/screen_j_conditional.R","source/PAS_skunits/SKbias7.pas","Item_Screening","pascal_harness/SCREEN_EXACT_TRAJECTORY.pas","RunTrajectory","SCREEN J Item Screening","gRm/tests/testthat/test-screen-j-exact-native-parity.R","validation/BIRT/BIRT_movtiva/output/screen-exact.txt"
"screen_j_conditional_slice_stats","gRm/R/screen_j_conditional.R","source/PAS_skunits/SKbias7.pas","Item_Screening","pascal_harness/SCREEN_EXACT_TRAJECTORY.pas","RunTrajectory","SCREEN J Item Screening","gRm/tests/testthat/test-screen-j-exact-native-parity.R","validation/BIRT/BIRT_movtiva/output/screen-exact.txt"
"screen_j_conditional_stratum_index","gRm/R/screen_j_conditional.R","source/PAS_skunits/SKbias7.pas","Item_Screening","pascal_harness/SCREEN_EXACT_TRAJECTORY.pas","RunTrajectory","SCREEN J Item Screening","gRm/tests/testthat/test-screen-j-exact-native-parity.R","validation/BIRT/BIRT_movtiva/output/screen-exact.txt"
"screen_j_conditional_try_native","gRm/R/screen_j_conditional.R","source/PAS_skunits/SKbias7.pas","Item_Screening","pascal_harness/SCREEN_EXACT_TRAJECTORY.pas","RunTrajectory","SCREEN J Item Screening","gRm/tests/testthat/test-screen-j-exact-native-parity.R","validation/BIRT/BIRT_movtiva/output/screen-exact.txt"
"screen_j_conditional_valid_rows","gRm/R/screen_j_conditional.R","source/PAS_skunits/SKbias7.pas","Item_Screening","pascal_harness/SCREEN_EXACT_TRAJECTORY.pas","RunTrajectory","SCREEN J Item Screening","gRm/tests/testthat/test-screen-j-exact-native-parity.R","validation/BIRT/BIRT_movtiva/output/screen-exact.txt"
"screen_j_exa_p_values","gRm/R/screen_j_conditional.R","source/PAS_skunits/SKbias7.pas","Item_Screening","pascal_harness/SCREEN_EXACT_TRAJECTORY.pas","RunTrajectory","SCREEN J Item Screening","gRm/tests/testthat/test-screen-j-exact-native-parity.R","validation/BIRT/BIRT_movtiva/output/screen-exact.txt"
"screen_j_hypothesis_label","gRm/R/screen_j_conditional.R","source/PAS_skunits/SKbias7.pas","Item_Screening","pascal_harness/SCREEN_EXACT_TRAJECTORY.pas","RunTrajectory","SCREEN J Item Screening","gRm/tests/testthat/test-screen-j-exact-native-parity.R","validation/BIRT/BIRT_movtiva/output/screen-exact.txt"
"screen_j_source_stepwise_p_min","gRm/R/screen_j_conditional.R","source/PAS_skunits/SKbias7.pas","Item_Screening","pascal_harness/SCREEN_EXACT_TRAJECTORY.pas","RunTrajectory","SCREEN J Item Screening","gRm/tests/testthat/test-screen-j-exact-native-parity.R","validation/BIRT/BIRT_movtiva/output/screen-exact.txt"
"screen_j_average_abs_partial_gamma","gRm/R/screen_j_diagnostics.R","source/PAS_skunits/SKbias7.pas","Item_Screening","pascal_harness/SCREEN_EXACT_TRAJECTORY.pas","RunTrajectory","SCREEN J Item Screening","gRm/tests/testthat/test-screen-j-exact-native-parity.R","validation/BIRT/BIRT_movtiva/output/screen-exact.txt"
"screen_j_exo_values","gRm/R/screen_j_diagnostics.R","source/PAS_skunits/SKbias7.pas","Item_Screening","pascal_harness/SCREEN_EXACT_TRAJECTORY.pas","RunTrajectory","SCREEN J Item Screening","gRm/tests/testthat/test-screen-j-exact-native-parity.R","validation/BIRT/BIRT_movtiva/output/screen-exact.txt"
"screen_j_finalize_local_dependence","gRm/R/screen_j_diagnostics.R","source/PAS_skunits/SKbias7.pas","Item_Screening","pascal_harness/SCREEN_EXACT_TRAJECTORY.pas","RunTrajectory","SCREEN J Item Screening","gRm/tests/testthat/test-screen-j-exact-native-parity.R","validation/BIRT/BIRT_movtiva/output/screen-exact.txt"
"screen_j_multiple_item_bias_analysis","gRm/R/screen_j_diagnostics.R","source/PAS_skunits/SKbias7.pas","Item_Screening","pascal_harness/SCREEN_EXACT_TRAJECTORY.pas","RunTrajectory","SCREEN J Item Screening","gRm/tests/testthat/test-screen-j-exact-native-parity.R","validation/BIRT/BIRT_movtiva/output/screen-exact.txt"
"screen_j_post_screen_dif","gRm/R/screen_j_diagnostics.R","source/PAS_skunits/SKbias7.pas","Item_Screening","pascal_harness/SCREEN_EXACT_TRAJECTORY.pas","RunTrajectory","SCREEN J Item Screening","gRm/tests/testthat/test-screen-j-exact-native-parity.R","validation/BIRT/BIRT_movtiva/output/screen-exact.txt"
"screen_j_problem_counts","gRm/R/screen_j_diagnostics.R","source/PAS_skunits/SKbias7.pas","Item_Screening","pascal_harness/SCREEN_EXACT_TRAJECTORY.pas","RunTrajectory","SCREEN J Item Screening","gRm/tests/testthat/test-screen-j-exact-native-parity.R","validation/BIRT/BIRT_movtiva/output/screen-exact.txt"
"screen_j_spurious_item_bias_analysis","gRm/R/screen_j_diagnostics.R","source/PAS_skunits/SKbias7.pas","Item_Screening","pascal_harness/SCREEN_EXACT_TRAJECTORY.pas","RunTrajectory","SCREEN J Item Screening","gRm/tests/testthat/test-screen-j-exact-native-parity.R","validation/BIRT/BIRT_movtiva/output/screen-exact.txt"
"screen_j_stepwise_local_dependence","gRm/R/screen_j_diagnostics.R","source/PAS_skunits/SKbias7.pas","Item_Screening","pascal_harness/SCREEN_EXACT_TRAJECTORY.pas","RunTrajectory","SCREEN J Item Screening","gRm/tests/testthat/test-screen-j-exact-native-parity.R","validation/BIRT/BIRT_movtiva/output/screen-exact.txt"
"screen_j_weighted_partial_gamma","gRm/R/screen_j_diagnostics.R","source/PAS_skunits/SKbias7.pas","Item_Screening","pascal_harness/SCREEN_EXACT_TRAJECTORY.pas","RunTrajectory","SCREEN J Item Screening","gRm/tests/testthat/test-screen-j-exact-native-parity.R","validation/BIRT/BIRT_movtiva/output/screen-exact.txt"
"screen_j_conditional_native_allowed","gRm/R/screen_j_exact_native.R","source/PAS_skunits/SKbias7.pas","Item_Screening","pascal_harness/SCREEN_EXACT_TRAJECTORY.pas","RunTrajectory","SCREEN J Item Screening","gRm/tests/testthat/test-screen-j-exact-native-parity.R","validation/BIRT/BIRT_movtiva/output/screen-exact.txt"
"screen_j_conditional_native_controls_allowed","gRm/R/screen_j_exact_native.R","source/PAS_skunits/SKbias7.pas","Item_Screening","pascal_harness/SCREEN_EXACT_TRAJECTORY.pas","RunTrajectory","SCREEN J Item Screening","gRm/tests/testthat/test-screen-j-exact-native-parity.R","validation/BIRT/BIRT_movtiva/output/screen-exact.txt"
"screen_j_conditional_native_probe_fixtures","gRm/R/screen_j_exact_native.R","source/PAS_skunits/SKbias7.pas","Item_Screening","pascal_harness/SCREEN_EXACT_TRAJECTORY.pas","RunTrajectory","SCREEN J Item Screening","gRm/tests/testthat/test-screen-j-exact-native-parity.R","validation/BIRT/BIRT_movtiva/output/screen-exact.txt"
"screen_j_conditional_native_probe_matches","gRm/R/screen_j_exact_native.R","source/PAS_skunits/SKbias7.pas","Item_Screening","pascal_harness/SCREEN_EXACT_TRAJECTORY.pas","RunTrajectory","SCREEN J Item Screening","gRm/tests/testthat/test-screen-j-exact-native-parity.R","validation/BIRT/BIRT_movtiva/output/screen-exact.txt"
"screen_j_exact_chi_gamma_slices_native","gRm/R/screen_j_exact_native.R","source/PAS_skunits/SKbias7.pas","Item_Screening","pascal_harness/SCREEN_EXACT_TRAJECTORY.pas","RunTrajectory","SCREEN J Item Screening","gRm/tests/testthat/test-screen-j-exact-native-parity.R","validation/BIRT/BIRT_movtiva/output/screen-exact.txt"
"screen_j_exact_chi_gamma_trace_slices_native","gRm/R/screen_j_exact_native.R","source/PAS_skunits/SKbias7.pas","Item_Screening","pascal_harness/SCREEN_EXACT_TRAJECTORY.pas","RunTrajectory","SCREEN J Item Screening","gRm/tests/testthat/test-screen-j-exact-native-parity.R","validation/BIRT/BIRT_movtiva/output/screen-exact.txt"
"screen_j_exact_chi_slices_native","gRm/R/screen_j_exact_native.R","source/PAS_skunits/SKbias7.pas","Item_Screening","pascal_harness/SCREEN_EXACT_TRAJECTORY.pas","RunTrajectory","SCREEN J Item Screening","gRm/tests/testthat/test-screen-j-exact-native-parity.R","validation/BIRT/BIRT_movtiva/output/screen-exact.txt"
"screen_j_exact_gamma_slices_native","gRm/R/screen_j_exact_native.R","source/PAS_skunits/SKbias7.pas","Item_Screening","pascal_harness/SCREEN_EXACT_TRAJECTORY.pas","RunTrajectory","SCREEN J Item Screening","gRm/tests/testthat/test-screen-j-exact-native-parity.R","validation/BIRT/BIRT_movtiva/output/screen-exact.txt"
"screen_j_exact_native_available","gRm/R/screen_j_exact_native.R","source/PAS_skunits/SKbias7.pas","Item_Screening","pascal_harness/SCREEN_EXACT_TRAJECTORY.pas","RunTrajectory","SCREEN J Item Screening","gRm/tests/testthat/test-screen-j-exact-native-parity.R","validation/BIRT/BIRT_movtiva/output/screen-exact.txt"
"screen_j_expected_from_margins","gRm/R/screen_j_exact_native.R","source/PAS_skunits/SKbias7.pas","Item_Screening","pascal_harness/SCREEN_EXACT_TRAJECTORY.pas","RunTrajectory","SCREEN J Item Screening","gRm/tests/testthat/test-screen-j-exact-native-parity.R","validation/BIRT/BIRT_movtiva/output/screen-exact.txt"
"screen_j_item_pair_conditional_exact_native","gRm/R/screen_j_exact_native.R","source/PAS_skunits/SKbias7.pas","Item_Screening","pascal_harness/SCREEN_EXACT_TRAJECTORY.pas","RunTrajectory","SCREEN J Item Screening","gRm/tests/testthat/test-screen-j-exact-native-parity.R","validation/BIRT/BIRT_movtiva/output/screen-exact.txt"
"screen_j_item_pair_native_allowed","gRm/R/screen_j_exact_native.R","source/PAS_skunits/SKbias7.pas","Item_Screening","pascal_harness/SCREEN_EXACT_TRAJECTORY.pas","RunTrajectory","SCREEN J Item Screening","gRm/tests/testthat/test-screen-j-exact-native-parity.R","validation/BIRT/BIRT_movtiva/output/screen-exact.txt"
"screen_j_item_pair_native_probe_fixtures","gRm/R/screen_j_exact_native.R","source/PAS_skunits/SKbias7.pas","Item_Screening","pascal_harness/SCREEN_EXACT_TRAJECTORY.pas","RunTrajectory","SCREEN J Item Screening","gRm/tests/testthat/test-screen-j-exact-native-parity.R","validation/BIRT/BIRT_movtiva/output/screen-exact.txt"
"screen_j_item_pair_probe_matches","gRm/R/screen_j_exact_native.R","source/PAS_skunits/SKbias7.pas","Item_Screening","pascal_harness/SCREEN_EXACT_TRAJECTORY.pas","RunTrajectory","SCREEN J Item Screening","gRm/tests/testthat/test-screen-j-exact-native-parity.R","validation/BIRT/BIRT_movtiva/output/screen-exact.txt"
"screen_j_item_pair_probe_reference","gRm/R/screen_j_exact_native.R","source/PAS_skunits/SKbias7.pas","Item_Screening","pascal_harness/SCREEN_EXACT_TRAJECTORY.pas","RunTrajectory","SCREEN J Item Screening","gRm/tests/testthat/test-screen-j-exact-native-parity.R","validation/BIRT/BIRT_movtiva/output/screen-exact.txt"
"screen_j_prepare_exact_slice","gRm/R/screen_j_exact_native.R","source/PAS_skunits/SKbias7.pas","Item_Screening","pascal_harness/SCREEN_EXACT_TRAJECTORY.pas","RunTrajectory","SCREEN J Item Screening","gRm/tests/testthat/test-screen-j-exact-native-parity.R","validation/BIRT/BIRT_movtiva/output/screen-exact.txt"
"screen_j_prepare_exact_slices","gRm/R/screen_j_exact_native.R","source/PAS_skunits/SKbias7.pas","Item_Screening","pascal_harness/SCREEN_EXACT_TRAJECTORY.pas","RunTrajectory","SCREEN J Item Screening","gRm/tests/testthat/test-screen-j-exact-native-parity.R","validation/BIRT/BIRT_movtiva/output/screen-exact.txt"
"screen_j_rc_chi_square_prepared_expected","gRm/R/screen_j_exact_native.R","source/PAS_skunits/SKbias7.pas","Item_Screening","pascal_harness/SCREEN_EXACT_TRAJECTORY.pas","RunTrajectory","SCREEN J Item Screening","gRm/tests/testthat/test-screen-j-exact-native-parity.R","validation/BIRT/BIRT_movtiva/output/screen-exact.txt"
"screen_j_exact_chi_gamma_prepared_r","gRm/R/screen_j_exact.R","source/PAS_skunits/SKbias7.pas","Item_Screening","pascal_harness/SCREEN_EXACT_TRAJECTORY.pas","RunTrajectory","SCREEN J Item Screening","gRm/tests/testthat/test-screen-j-exact-native-parity.R","validation/BIRT/BIRT_movtiva/output/screen-exact.txt"
"screen_j_exact_chi_gamma_slices","gRm/R/screen_j_exact.R","source/PAS_skunits/SKbias7.pas","Item_Screening","pascal_harness/SCREEN_EXACT_TRAJECTORY.pas","RunTrajectory","SCREEN J Item Screening","gRm/tests/testthat/test-screen-j-exact-native-parity.R","validation/BIRT/BIRT_movtiva/output/screen-exact.txt"
"screen_j_exact_chi_prepared","gRm/R/screen_j_exact.R","source/PAS_skunits/SKbias7.pas","Item_Screening","pascal_harness/SCREEN_EXACT_TRAJECTORY.pas","RunTrajectory","SCREEN J Item Screening","gRm/tests/testthat/test-screen-j-exact-native-parity.R","validation/BIRT/BIRT_movtiva/output/screen-exact.txt"
"screen_j_exact_chi_prepared_r","gRm/R/screen_j_exact.R","source/PAS_skunits/SKbias7.pas","Item_Screening","pascal_harness/SCREEN_EXACT_TRAJECTORY.pas","RunTrajectory","SCREEN J Item Screening","gRm/tests/testthat/test-screen-j-exact-native-parity.R","validation/BIRT/BIRT_movtiva/output/screen-exact.txt"
"screen_j_exact_chi_slices","gRm/R/screen_j_exact.R","source/PAS_skunits/SKbias7.pas","Item_Screening","pascal_harness/SCREEN_EXACT_TRAJECTORY.pas","RunTrajectory","SCREEN J Item Screening","gRm/tests/testthat/test-screen-j-exact-native-parity.R","validation/BIRT/BIRT_movtiva/output/screen-exact.txt"
"screen_j_exact_gamma_prepared","gRm/R/screen_j_exact.R","source/PAS_skunits/SKbias7.pas","Item_Screening","pascal_harness/SCREEN_EXACT_TRAJECTORY.pas","RunTrajectory","SCREEN J Item Screening","gRm/tests/testthat/test-screen-j-exact-native-parity.R","validation/BIRT/BIRT_movtiva/output/screen-exact.txt"
"screen_j_exact_gamma_prepared_r","gRm/R/screen_j_exact.R","source/PAS_skunits/SKbias7.pas","Item_Screening","pascal_harness/SCREEN_EXACT_TRAJECTORY.pas","RunTrajectory","SCREEN J Item Screening","gRm/tests/testthat/test-screen-j-exact-native-parity.R","validation/BIRT/BIRT_movtiva/output/screen-exact.txt"
"screen_j_exact_gamma_slices","gRm/R/screen_j_exact.R","source/PAS_skunits/SKbias7.pas","Item_Screening","pascal_harness/SCREEN_EXACT_TRAJECTORY.pas","RunTrajectory","SCREEN J Item Screening","gRm/tests/testthat/test-screen-j-exact-native-parity.R","validation/BIRT/BIRT_movtiva/output/screen-exact.txt"
"screen_j_exact_partial_chi","gRm/R/screen_j_exact.R","source/PAS_skunits/SKbias7.pas","Item_Screening","pascal_harness/SCREEN_EXACT_TRAJECTORY.pas","RunTrajectory","SCREEN J Item Screening","gRm/tests/testthat/test-screen-j-exact-native-parity.R","validation/BIRT/BIRT_movtiva/output/screen-exact.txt"
"screen_j_exact_partial_gamma","gRm/R/screen_j_exact.R","source/PAS_skunits/SKbias7.pas","Item_Screening","pascal_harness/SCREEN_EXACT_TRAJECTORY.pas","RunTrajectory","SCREEN J Item Screening","gRm/tests/testthat/test-screen-j-exact-native-parity.R","validation/BIRT/BIRT_movtiva/output/screen-exact.txt"
"screen_j_seq_t","gRm/R/screen_j_exact.R","source/PAS_skunits/SKbias7.pas","Item_Screening","pascal_harness/SCREEN_EXACT_TRAJECTORY.pas","RunTrajectory","SCREEN J Item Screening","gRm/tests/testthat/test-screen-j-exact-native-parity.R","validation/BIRT/BIRT_movtiva/output/screen-exact.txt"
"screen_j_conflimit99_field","gRm/R/screen_j_score_effects.R","source/PAS_skunits/SKbias7.pas","Item_Screening","pascal_harness/SCREEN_EXACT_TRAJECTORY.pas","RunTrajectory","SCREEN J Item Screening","gRm/tests/testthat/test-screen-j-exact-native-parity.R","validation/BIRT/BIRT_movtiva/output/screen-exact.txt"
"screen_j_score_effect_values","gRm/R/screen_j_score_effects.R","source/PAS_skunits/SKbias7.pas","Item_Screening","pascal_harness/SCREEN_EXACT_TRAJECTORY.pas","RunTrajectory","SCREEN J Item Screening","gRm/tests/testthat/test-screen-j-exact-native-parity.R","validation/BIRT/BIRT_movtiva/output/screen-exact.txt"
"screen_j_score_report_rows","gRm/R/screen_j_score_effects.R","source/PAS_skunits/SKbias7.pas","Item_Screening","pascal_harness/SCREEN_EXACT_TRAJECTORY.pas","RunTrajectory","SCREEN J Item Screening","gRm/tests/testthat/test-screen-j-exact-native-parity.R","validation/BIRT/BIRT_movtiva/output/screen-exact.txt"
"screen_j_score_screening_p_values","gRm/R/screen_j_score_effects.R","source/PAS_skunits/SKbias7.pas","Item_Screening","pascal_harness/SCREEN_EXACT_TRAJECTORY.pas","RunTrajectory","SCREEN J Item Screening","gRm/tests/testthat/test-screen-j-exact-native-parity.R","validation/BIRT/BIRT_movtiva/output/screen-exact.txt"
"screen_j_stepwise_score_screening","gRm/R/screen_j_score_effects.R","source/PAS_skunits/SKbias7.pas","Item_Screening","pascal_harness/SCREEN_EXACT_TRAJECTORY.pas","RunTrajectory","SCREEN J Item Screening","gRm/tests/testthat/test-screen-j-exact-native-parity.R","validation/BIRT/BIRT_movtiva/output/screen-exact.txt"
"screen_j_pair_table","gRm/R/screen_j_tables.R","source/PAS_skunits/SKbias7.pas","Item_Screening","pascal_harness/SCREEN_EXACT_TRAJECTORY.pas","RunTrajectory","SCREEN J Item Screening","gRm/tests/testthat/test-screen-j-exact-native-parity.R","validation/BIRT/BIRT_movtiva/output/screen-exact.txt"
"screen_j_partial_chi","gRm/R/screen_j_tables.R","source/PAS_skunits/SKbias7.pas","Item_Screening","pascal_harness/SCREEN_EXACT_TRAJECTORY.pas","RunTrajectory","SCREEN J Item Screening","gRm/tests/testthat/test-screen-j-exact-native-parity.R","validation/BIRT/BIRT_movtiva/output/screen-exact.txt"
"screen_j_partial_gamma","gRm/R/screen_j_tables.R","source/PAS_skunits/SKbias7.pas","Item_Screening","pascal_harness/SCREEN_EXACT_TRAJECTORY.pas","RunTrajectory","SCREEN J Item Screening","gRm/tests/testthat/test-screen-j-exact-native-parity.R","validation/BIRT/BIRT_movtiva/output/screen-exact.txt"
"screen_j_rc_chi_source_expected","gRm/R/screen_j_tables.R","source/PAS_skunits/SKbias7.pas","Item_Screening","pascal_harness/SCREEN_EXACT_TRAJECTORY.pas","RunTrajectory","SCREEN J Item Screening","gRm/tests/testthat/test-screen-j-exact-native-parity.R","validation/BIRT/BIRT_movtiva/output/screen-exact.txt"
"screen_j_rc_chi_square_source_expected","gRm/R/screen_j_tables.R","source/PAS_skunits/SKbias7.pas","Item_Screening","pascal_harness/SCREEN_EXACT_TRAJECTORY.pas","RunTrajectory","SCREEN J Item Screening","gRm/tests/testthat/test-screen-j-exact-native-parity.R","validation/BIRT/BIRT_movtiva/output/screen-exact.txt"
"screen_j_repeated_seq_limit","gRm/R/screen_j_tables.R","source/PAS_skunits/SKbias7.pas","Item_Screening","pascal_harness/SCREEN_EXACT_TRAJECTORY.pas","RunTrajectory","SCREEN J Item Screening","gRm/tests/testthat/test-screen-j-exact-native-parity.R","validation/BIRT/BIRT_movtiva/output/screen-exact.txt"
"screen_j_source_informative_slice","gRm/R/screen_j_tables.R","source/PAS_skunits/SKbias7.pas","Item_Screening","pascal_harness/SCREEN_EXACT_TRAJECTORY.pas","RunTrajectory","SCREEN J Item Screening","gRm/tests/testthat/test-screen-j-exact-native-parity.R","validation/BIRT/BIRT_movtiva/output/screen-exact.txt"
"screen_j_source_random_stream","gRm/R/screen_j_tables.R","source/PAS_skunits/SKbias7.pas","Item_Screening","pascal_harness/SCREEN_EXACT_TRAJECTORY.pas","RunTrajectory","SCREEN J Item Screening","gRm/tests/testthat/test-screen-j-exact-native-parity.R","validation/BIRT/BIRT_movtiva/output/screen-exact.txt"
"screen_j_source_seed","gRm/R/screen_j_tables.R","source/PAS_skunits/SKbias7.pas","Item_Screening","pascal_harness/SCREEN_EXACT_TRAJECTORY.pas","RunTrajectory","SCREEN J Item Screening","gRm/tests/testthat/test-screen-j-exact-native-parity.R","validation/BIRT/BIRT_movtiva/output/screen-exact.txt"
"screen_j_source_seed_after_draws","gRm/R/screen_j_tables.R","source/PAS_skunits/SKbias7.pas","Item_Screening","pascal_harness/SCREEN_EXACT_TRAJECTORY.pas","RunTrajectory","SCREEN J Item Screening","gRm/tests/testthat/test-screen-j-exact-native-parity.R","validation/BIRT/BIRT_movtiva/output/screen-exact.txt"
"screen_j_source_single","gRm/R/screen_j_tables.R","source/PAS_skunits/SKbias7.pas","Item_Screening","pascal_harness/SCREEN_EXACT_TRAJECTORY.pas","RunTrajectory","SCREEN J Item Screening","gRm/tests/testthat/test-screen-j-exact-native-parity.R","validation/BIRT/BIRT_movtiva/output/screen-exact.txt"
"screen_j_strata_slices","gRm/R/screen_j_tables.R","source/PAS_skunits/SKbias7.pas","Item_Screening","pascal_harness/SCREEN_EXACT_TRAJECTORY.pas","RunTrajectory","SCREEN J Item Screening","gRm/tests/testthat/test-screen-j-exact-native-parity.R","validation/BIRT/BIRT_movtiva/output/screen-exact.txt"
"screen_j_strata_table","gRm/R/screen_j_tables.R","source/PAS_skunits/SKbias7.pas","Item_Screening","pascal_harness/SCREEN_EXACT_TRAJECTORY.pas","RunTrajectory","SCREEN J Item Screening","gRm/tests/testthat/test-screen-j-exact-native-parity.R","validation/BIRT/BIRT_movtiva/output/screen-exact.txt"
"screen_rc_chi","gRm/R/screen_j_tables.R","source/PAS_skunits/SKbias7.pas","Item_Screening","pascal_harness/SCREEN_EXACT_TRAJECTORY.pas","RunTrajectory","SCREEN J Item Screening","gRm/tests/testthat/test-screen-j-exact-native-parity.R","validation/BIRT/BIRT_movtiva/output/screen-exact.txt"
"screen_rc_chi_square","gRm/R/screen_j_tables.R","source/PAS_skunits/SKbias7.pas","Item_Screening","pascal_harness/SCREEN_EXACT_TRAJECTORY.pas","RunTrajectory","SCREEN J Item Screening","gRm/tests/testthat/test-screen-j-exact-native-parity.R","validation/BIRT/BIRT_movtiva/output/screen-exact.txt"
"screen_rc_gamma","gRm/R/screen_j_tables.R","source/PAS_skunits/SKbias7.pas","Item_Screening","pascal_harness/SCREEN_EXACT_TRAJECTORY.pas","RunTrajectory","SCREEN J Item Screening","gRm/tests/testthat/test-screen-j-exact-native-parity.R","validation/BIRT/BIRT_movtiva/output/screen-exact.txt"
"screen_rc_gamma_counts","gRm/R/screen_j_tables.R","source/PAS_skunits/SKbias7.pas","Item_Screening","pascal_harness/SCREEN_EXACT_TRAJECTORY.pas","RunTrajectory","SCREEN J Item Screening","gRm/tests/testthat/test-screen-j-exact-native-parity.R","validation/BIRT/BIRT_movtiva/output/screen-exact.txt"
"screen_j_item_screening_values","gRm/R/screen_j_values.R","source/PAS_skunits/SKbias7.pas","Item_Screening","pascal_harness/SCREEN_EXACT_TRAJECTORY.pas","RunTrajectory","SCREEN J Item Screening","gRm/tests/testthat/test-screen-j-exact-native-parity.R","validation/BIRT/BIRT_movtiva/output/screen-exact.txt"
"screen_j_values","gRm/R/screen_j_values.R","source/PAS_skunits/SKbias7.pas","Item_Screening","pascal_harness/SCREEN_EXACT_TRAJECTORY.pas","RunTrajectory","SCREEN J Item Screening","gRm/tests/testthat/test-screen-j-exact-native-parity.R","validation/BIRT/BIRT_movtiva/output/screen-exact.txt"
"build_item_parameters_bundle","gRm/R/source_bundle.R","source/PAS_skunits/skbias12b.pas","Count_Margins","","","Item-Parameters Bundle Construction","gRm/tests/testthat/test-data-entry-points.R","validation/BIRT/BIRT_movtiva/output/rasch/item-parameters.txt"
"source_classify_bundle_rows","gRm/R/source_bundle.R","source/PAS_skunits/skbias12b.pas","Count_Margins","","","Item-Parameters Bundle Construction","gRm/tests/testthat/test-bundle-score-window.R","validation/BIRT/BIRT_movtiva/output/rasch/item-parameters.txt"
"source_encode_project_rows","gRm/R/source_bundle.R","source/PAS_skunits/skbias12b.pas","Count_Margins","","","Item-Parameters Bundle Construction","gRm/tests/testthat/test-data-entry-points.R","validation/BIRT/BIRT_movtiva/output/rasch/item-parameters.txt"
"write_source_bundle","gRm/R/source_bundle.R","source/PAS_skunits/skbias12b.pas","Count_Margins","","","Item-Parameters Bundle Construction","gRm/tests/testthat/test-data-entry-points.R","validation/BIRT/BIRT_movtiva/output/rasch/item-parameters.txt"
"gamma_cell_tables","gRm/R/source_gamma_stats.R","source/PAS_skunits/skfit2.pas","Standardize_tab4","","","Marginal Gamma Report","gRm/tests/testthat/test-source-gamma-stats.R","validation/BIRT/BIRT_movtiva/output/rasch/item-fits.txt"
"source_rc_gamma_counts","gRm/R/source_gamma_stats.R","source/PAS_skunits/skfit2.pas","Standardize_tab4","","","Marginal Gamma Report","gRm/tests/testthat/test-source-gamma-stats.R","validation/BIRT/BIRT_movtiva/output/rasch/item-fits.txt"
"source_rc_gamma_stats","gRm/R/source_gamma_stats.R","source/PAS_skunits/skfit2.pas","Standardize_tab4","","","Marginal Gamma Report","gRm/tests/testthat/test-source-gamma-stats.R","validation/BIRT/BIRT_movtiva/output/rasch/item-fits.txt"
"source_standardize_table_margins","gRm/R/source_gamma_stats.R","source/PAS_skunits/skfit2.pas","Standardize_tab4","","","Marginal Gamma Report","gRm/tests/testthat/test-source-gamma-stats.R","validation/BIRT/BIRT_movtiva/output/rasch/item-fits.txt"
"source_cm3_observed_ijk_rows","gRm/R/source_record_policies.R","source/PAS_skunits/skbias14.pas","Count_IJtable","pascal_harness/CM3_RECORD_ELIGIBILITY.pas","RunCM3RecordEligibility","CM2/CM3 and M2/M3 Diagnostics","gRm/tests/testthat/test-m2-m3-counts.R","validation/MULTIEXO_DIF/output/rasch/cm3.txt"
"source_complete_background_rows","gRm/R/source_record_policies.R","source/PAS_skunits/skbias14.pas","Count_IJtable","pascal_harness/CM3_RECORD_ELIGIBILITY.pas","RunCM3RecordEligibility","CM2/CM3 and M2/M3 Diagnostics","gRm/tests/testthat/test-m2-m3-counts.R","validation/MULTIEXO_DIF/output/rasch/cm3.txt"
"source_complete_item_exogenous_rows","gRm/R/source_record_policies.R","source/PAS_skunits/skbias14.pas","Count_IJtable","pascal_harness/CM3_RECORD_ELIGIBILITY.pas","RunCM3RecordEligibility","CM2/CM3 and M2/M3 Diagnostics","gRm/tests/testthat/test-m2-m3-counts.R","validation/MULTIEXO_DIF/output/rasch/cm3.txt"
"source_complete_item_rows","gRm/R/source_record_policies.R","source/PAS_skunits/skbias14.pas","Count_IJtable","pascal_harness/CM3_RECORD_ELIGIBILITY.pas","RunCM3RecordEligibility","CM2/CM3 and M2/M3 Diagnostics","gRm/tests/testthat/test-m2-m3-counts.R","validation/MULTIEXO_DIF/output/rasch/cm3.txt"
"source_estimation_rows","gRm/R/source_record_policies.R","source/PAS_skunits/skbias14.pas","Count_IJtable","pascal_harness/CM3_RECORD_ELIGIBILITY.pas","RunCM3RecordEligibility","CM2/CM3 and M2/M3 Diagnostics","gRm/tests/testthat/test-m2-m3-counts.R","validation/MULTIEXO_DIF/output/rasch/cm3.txt"
"item_selection_default_cut","gRm/R/source_score_groups.R","source/PAS_skunits/BIASvars.pas","ScoreGruppe","","","Items-Select Report","gRm/tests/testthat/test-auto-score-cuts.R","validation/BIRT/BIRT_movtiva/output/items.txt"
"items_select_values","gRm/R/source_score_groups.R","source/PAS_skunits/BIASvars.pas","ScoreGruppe","","","Items-Select Report","gRm/tests/testthat/test-auto-score-cuts.R","validation/BIRT/BIRT_movtiva/output/items.txt"
"source_bh_critical","gRm/R/source_statistics.R","source/PAS_skunits/SkStat.pas","BenjaminiHochberg0","","","Source Trace","gRm/tests/testthat/test-source-statistics.R","validation/BIRT/BIRT_movtiva/output/screen.txt"
"source_pfchi","gRm/R/source_statistics.R","source/PAS_scd/SkStat.pas","PFCHI","","","Source Trace","gRm/tests/testthat/test-source-statistics.R","validation/MULTIEXO_DIF/output/rasch/cm3.txt"
"source_tail_norm","gRm/R/source_statistics.R","source/PAS_scd/SkStat.pas","TAILNORM","","","Source Trace","gRm/tests/testthat/test-source-statistics.R","validation/BIRT/BIRT_movtiva/output/rasch/item-parameters.txt"
